Employee ID,DOB,DOJ,Department_ID,Gender
IU196557,1983-02-23T00:00:00Z,2009-10-31T00:00:00Z,IDEPT4938,Female
IU449901,1985-09-02T00:00:00Z,2009-06-07T00:00:00Z,IDEPT2357,Male
IU206427,1971-07-30T00:00:00Z,2008-05-09T00:00:00Z,IDEPT4670,Female
IU688905,1973-07-20T00:00:00Z,2002-01-17T00:00:00Z,IDEPT2601,Female
IU634582,1991-11-16T00:00:00Z,2000-02-13T00:00:00Z,IDEPT7626,Female
IU138624,1979-05-18T00:00:00Z,2006-09-27T00:00:00Z,IDEPT3778,Female
IU932068,1985-07-12T00:00:00Z,2013-05-04T00:00:00Z,IDEPT4132,Male
IU572796,1978-01-14T00:00:00Z,2008-01-03T00:00:00Z,IDEPT1142,Female
IU134670,1980-12-15T00:00:00Z,2002-01-15T00:00:00Z,IDEPT7626,Female
IU393717,1973-04-03T00:00:00Z,2009-08-18T00:00:00Z,IDEPT1825,Male
IU175125,1985-07-13T00:00:00Z,2001-10-17T00:00:00Z,IDEPT1615,Female
IU232618,1979-02-12T00:00:00Z,2012-02-03T00:00:00Z,IDEPT2601,Male
IU760609,1983-04-20T00:00:00Z,2006-01-01T00:00:00Z,IDEPT1537,Female
IU508242,1988-04-05T00:00:00Z,1999-08-12T00:00:00Z,IDEPT5109,Male
IU240338,1994-03-21T00:00:00Z,2011-02-16T00:00:00Z,IDEPT5881,Male
IU826824,1988-05-22T00:00:00Z,2007-09-23T00:00:00Z,IDEPT8313,Female
IU544227,1990-11-05T00:00:00Z,2008-08-15T00:00:00Z,IDEPT5127,Male
IU817422,1990-07-07T00:00:00Z,2006-04-17T00:00:00Z,IDEPT3778,Male
IU917848,1976-08-14T00:00:00Z,2002-08-12T00:00:00Z,IDEPT2357,Female
IU635586,1991-04-28T00:00:00Z,2004-07-27T00:00:00Z,IDEPT6347,Male
IU423398,1990-06-24T00:00:00Z,2006-06-09T00:00:00Z,IDEPT4938,Male
IU846275,1974-09-09T00:00:00Z,2008-08-21T00:00:00Z,IDEPT1615,Male
IU509287,1975-10-06T00:00:00Z,2009-11-16T00:00:00Z,IDEPT1615,Male
IU168857,1992-03-22T00:00:00Z,2001-05-10T00:00:00Z,IDEPT5109,Male
IU125595,1992-09-04T00:00:00Z,2006-07-09T00:00:00Z,IDEPT1367,Male
IU423522,1977-07-10T00:00:00Z,2006-01-16T00:00:00Z,IDEPT5109,Female
IU937233,1992-06-18T00:00:00Z,2010-06-21T00:00:00Z,IDEPT5881,Male
IU710285,1970-10-25T00:00:00Z,2011-04-07T00:00:00Z,IDEPT3115,Female
IU951593,1991-11-24T00:00:00Z,2007-04-11T00:00:00Z,IDEPT6347,Female
IU740065,1990-04-20T00:00:00Z,1999-11-22T00:00:00Z,IDEPT1423,Male
IU306793,1976-12-16T00:00:00Z,2008-02-05T00:00:00Z,IDEPT1378,Male
IU364794,1994-07-10T00:00:00Z,2012-03-02T00:00:00Z,IDEPT7626,Female
IU877470,1991-11-10T00:00:00Z,2005-07-31T00:00:00Z,IDEPT4938,Female
IU486705,1983-02-13T00:00:00Z,2001-09-12T00:00:00Z,IDEPT1825,Female
IU511664,1987-07-29T00:00:00Z,2006-07-24T00:00:00Z,IDEPT1825,Female
IU860113,1971-07-26T00:00:00Z,2005-03-20T00:00:00Z,IDEPT3062,Female
IU271785,1970-01-24T00:00:00Z,2006-04-12T00:00:00Z,IDEPT1533,Female
IU357968,1974-05-17T00:00:00Z,2012-10-31T00:00:00Z,IDEPT5528,Female
IU469799,1984-03-29T00:00:00Z,2014-06-22T00:00:00Z,IDEPT8313,Female
IU508314,1974-03-20T00:00:00Z,2000-03-03T00:00:00Z,IDEPT6347,Female
IU940853,1983-10-13T00:00:00Z,1999-07-30T00:00:00Z,IDEPT2601,Female
IU736890,1978-12-25T00:00:00Z,2010-08-27T00:00:00Z,IDEPT3778,Male
IU271820,1983-06-07T00:00:00Z,2005-09-16T00:00:00Z,IDEPT1615,Male
IU861380,1985-01-15T00:00:00Z,2000-11-29T00:00:00Z,IDEPT1378,Female
IU782822,1974-05-05T00:00:00Z,2006-12-01T00:00:00Z,IDEPT3778,Female
IU369893,1971-05-04T00:00:00Z,2002-06-28T00:00:00Z,IDEPT5109,Female
IU430546,1993-04-12T00:00:00Z,2011-11-06T00:00:00Z,IDEPT2601,Female
IU472467,1988-11-13T00:00:00Z,2013-06-20T00:00:00Z,IDEPT1378,Female
IU904131,1980-09-18T00:00:00Z,2010-04-03T00:00:00Z,IDEPT2601,Female
IU201506,1986-09-24T00:00:00Z,2006-12-02T00:00:00Z,IDEPT5127,Male
IU572132,1973-11-07T00:00:00Z,2011-05-14T00:00:00Z,IDEPT4055,Male
IU538421,1975-03-28T00:00:00Z,2013-03-15T00:00:00Z,IDEPT1615,Female
IU353908,1987-02-20T00:00:00Z,2005-09-11T00:00:00Z,IDEPT2601,Male
IU372096,1976-02-23T00:00:00Z,2012-02-03T00:00:00Z,IDEPT1615,Female
IU473584,1983-04-29T00:00:00Z,2014-06-01T00:00:00Z,IDEPT7783,Female
IU754974,1976-10-05T00:00:00Z,2010-02-25T00:00:00Z,IDEPT5109,Male
IU242634,1984-06-20T00:00:00Z,2007-02-23T00:00:00Z,IDEPT3868,Female
IU624640,1987-10-28T00:00:00Z,2014-07-12T00:00:00Z,IDEPT5881,Male
IU987884,1971-10-24T00:00:00Z,2004-11-18T00:00:00Z,IDEPT2357,Male
IU516465,1984-05-15T00:00:00Z,2006-01-06T00:00:00Z,IDEPT6347,Male
IU246736,1972-12-26T00:00:00Z,2007-02-08T00:00:00Z,IDEPT7626,Male
IU454493,1988-08-19T00:00:00Z,2002-09-28T00:00:00Z,IDEPT1142,Male
IU500587,1979-11-30T00:00:00Z,2008-03-13T00:00:00Z,IDEPT2425,Male
IU325868,1976-06-15T00:00:00Z,2000-05-15T00:00:00Z,IDEPT1388,Female
IU616644,1973-07-05T00:00:00Z,2007-02-19T00:00:00Z,IDEPT1423,Male
IU639998,1994-04-20T00:00:00Z,2004-03-09T00:00:00Z,IDEPT3115,Female
IU410413,1983-11-12T00:00:00Z,2006-02-07T00:00:00Z,IDEPT4132,Male
IU114595,1986-08-20T00:00:00Z,2001-11-13T00:00:00Z,IDEPT4055,Female
IU476789,1993-03-12T00:00:00Z,2009-06-16T00:00:00Z,IDEPT7783,Male
IU438123,1975-01-23T00:00:00Z,2011-02-28T00:00:00Z,IDEPT1378,Female
IU183626,1975-11-01T00:00:00Z,2006-11-15T00:00:00Z,IDEPT5881,Female
IU934207,1971-09-08T00:00:00Z,2013-10-04T00:00:00Z,IDEPT5127,Male
IU582877,1970-07-07T00:00:00Z,2005-10-05T00:00:00Z,IDEPT1615,Female
IU815641,1990-09-16T00:00:00Z,2010-02-02T00:00:00Z,IDEPT1825,Male
IU200937,1970-12-15T00:00:00Z,2007-09-26T00:00:00Z,IDEPT6347,Female
IU703247,1985-10-13T00:00:00Z,2009-08-29T00:00:00Z,IDEPT5127,Female
IU184260,1970-12-08T00:00:00Z,2004-12-12T00:00:00Z,IDEPT4670,Male
IU843331,1982-02-13T00:00:00Z,2011-05-28T00:00:00Z,IDEPT4938,Male
IU886140,1982-08-12T00:00:00Z,2013-01-29T00:00:00Z,IDEPT1677,Male
IU760362,1980-02-14T00:00:00Z,2006-07-08T00:00:00Z,IDEPT1537,Male
IU766698,1982-09-07T00:00:00Z,2003-09-21T00:00:00Z,IDEPT6347,Female
IU633596,1981-01-11T00:00:00Z,2011-08-11T00:00:00Z,IDEPT8379,Female
IU133163,1989-09-29T00:00:00Z,2009-04-24T00:00:00Z,IDEPT5408,Female
IU410918,1985-09-08T00:00:00Z,2009-06-09T00:00:00Z,IDEPT8598,Male
IU418420,1978-05-13T00:00:00Z,2001-01-31T00:00:00Z,IDEPT1423,Male
IU996025,1991-06-20T00:00:00Z,2008-10-03T00:00:00Z,IDEPT1142,Male
IU784101,1982-01-26T00:00:00Z,2011-04-27T00:00:00Z,IDEPT1537,Male
IU480856,1991-06-10T00:00:00Z,2010-06-06T00:00:00Z,IDEPT4938,Male
IU507184,1986-06-26T00:00:00Z,2012-04-25T00:00:00Z,IDEPT7783,Male
IU803872,1975-04-11T00:00:00Z,2011-04-28T00:00:00Z,IDEPT4132,Female
IU795236,1991-12-17T00:00:00Z,2008-05-15T00:00:00Z,IDEPT6347,Male
IU632540,1981-08-15T00:00:00Z,2009-06-17T00:00:00Z,IDEPT1423,Male
IU672641,1975-10-23T00:00:00Z,2008-05-17T00:00:00Z,IDEPT1537,Male
IU280941,1969-08-20T00:00:00Z,2014-05-14T00:00:00Z,IDEPT5109,Male
IU573089,1976-06-27T00:00:00Z,2001-06-14T00:00:00Z,IDEPT1367,Female
IU476100,1976-12-13T00:00:00Z,2007-04-09T00:00:00Z,IDEPT7626,Female
IU169365,1982-02-18T00:00:00Z,2008-07-22T00:00:00Z,IDEPT3868,Male
IU333324,1986-02-02T00:00:00Z,2000-07-23T00:00:00Z,IDEPT7005,Female
IU573623,1986-12-12T00:00:00Z,2003-12-04T00:00:00Z,IDEPT5528,Male
IU263609,1985-01-17T00:00:00Z,1999-12-14T00:00:00Z,IDEPT8598,Male
IU799085,1977-09-02T00:00:00Z,2014-05-13T00:00:00Z,IDEPT2425,Female
IU464114,1972-11-30T00:00:00Z,2003-05-27T00:00:00Z,IDEPT1378,Male
IU282074,1976-08-19T00:00:00Z,2008-08-14T00:00:00Z,IDEPT1537,Male
IU300723,1985-10-16T00:00:00Z,2001-07-31T00:00:00Z,IDEPT4670,Female
IU311031,1970-06-04T00:00:00Z,2004-01-20T00:00:00Z,IDEPT4132,Male
IU976665,1985-11-09T00:00:00Z,2002-04-24T00:00:00Z,IDEPT1367,Male
IU796590,1992-01-01T00:00:00Z,2012-03-03T00:00:00Z,IDEPT5408,Female
IU160380,1985-10-06T00:00:00Z,2002-11-17T00:00:00Z,IDEPT4938,Female
IU124164,1971-06-08T00:00:00Z,2004-08-16T00:00:00Z,IDEPT4938,Female
IU293826,1982-11-19T00:00:00Z,2007-10-24T00:00:00Z,IDEPT1615,Male
IU602414,1978-12-18T00:00:00Z,2006-09-04T00:00:00Z,IDEPT2601,Female
IU797991,1990-10-14T00:00:00Z,2001-09-13T00:00:00Z,IDEPT8313,Male
IU718477,1994-07-11T00:00:00Z,2005-12-24T00:00:00Z,IDEPT3115,Male
IU177035,1983-02-13T00:00:00Z,2011-04-30T00:00:00Z,IDEPT8379,Male
IU340320,1978-11-14T00:00:00Z,2013-12-17T00:00:00Z,IDEPT4670,Male
IU603759,1979-07-18T00:00:00Z,2004-05-24T00:00:00Z,IDEPT1388,Male
IU352216,1979-01-27T00:00:00Z,2007-06-18T00:00:00Z,IDEPT1825,Female
IU780361,1989-10-16T00:00:00Z,2005-07-29T00:00:00Z,IDEPT2054,Male
IU595413,1990-03-23T00:00:00Z,2012-11-07T00:00:00Z,IDEPT5109,Female
IU209624,1983-11-05T00:00:00Z,2006-02-17T00:00:00Z,IDEPT2425,Female
IU885411,1985-01-12T00:00:00Z,2007-06-20T00:00:00Z,IDEPT4670,Male
IU238192,1991-07-02T00:00:00Z,2008-08-17T00:00:00Z,IDEPT7626,Female
IU326182,1976-09-14T00:00:00Z,2011-03-18T00:00:00Z,IDEPT1423,Female
IU995116,1975-06-30T00:00:00Z,1999-10-26T00:00:00Z,IDEPT8598,Female
IU976864,1973-04-02T00:00:00Z,2002-05-17T00:00:00Z,IDEPT4132,Female
IU908955,1970-07-22T00:00:00Z,2006-03-24T00:00:00Z,IDEPT8313,Female
IU843323,1971-09-18T00:00:00Z,2000-02-19T00:00:00Z,IDEPT2054,Male
IU870897,1978-05-28T00:00:00Z,2004-03-01T00:00:00Z,IDEPT5127,Female
IU216190,1970-07-11T00:00:00Z,2008-11-03T00:00:00Z,IDEPT3062,Female
IU960771,1983-02-17T00:00:00Z,2002-06-16T00:00:00Z,IDEPT7626,Female
IU167781,1989-11-17T00:00:00Z,2014-04-01T00:00:00Z,IDEPT8313,Male
IU748850,1980-02-19T00:00:00Z,1999-12-22T00:00:00Z,IDEPT1378,Male
IU680743,1973-11-08T00:00:00Z,2006-06-08T00:00:00Z,IDEPT4938,Female
IU348664,1969-08-30T00:00:00Z,2002-02-01T00:00:00Z,IDEPT6347,Female
IU300148,1990-11-26T00:00:00Z,2001-01-14T00:00:00Z,IDEPT1142,Male
IU968470,1983-07-27T00:00:00Z,2010-10-06T00:00:00Z,IDEPT6347,Male
IU338809,1991-06-30T00:00:00Z,2004-04-22T00:00:00Z,IDEPT1533,Female
IU119855,1974-02-16T00:00:00Z,2013-07-05T00:00:00Z,IDEPT5109,Female
IU171535,1972-11-23T00:00:00Z,2013-10-13T00:00:00Z,IDEPT1677,Female
IU428631,1987-11-27T00:00:00Z,2001-06-02T00:00:00Z,IDEPT1825,Female
IU674290,1983-07-24T00:00:00Z,2006-03-29T00:00:00Z,IDEPT1367,Male
IU580499,1981-12-08T00:00:00Z,2011-01-29T00:00:00Z,IDEPT2054,Male
IU486342,1994-05-13T00:00:00Z,2008-10-11T00:00:00Z,IDEPT7626,Male
IU820511,1984-12-24T00:00:00Z,2010-11-11T00:00:00Z,IDEPT1367,Female
IU407408,1973-01-31T00:00:00Z,2006-10-19T00:00:00Z,IDEPT4132,Male
IU171891,1971-04-15T00:00:00Z,2003-07-18T00:00:00Z,IDEPT3115,Male
IU275641,1978-01-01T00:00:00Z,2014-01-15T00:00:00Z,IDEPT4055,Male
IU780299,1988-12-05T00:00:00Z,2007-10-03T00:00:00Z,IDEPT4938,Male
IU300673,1984-05-15T00:00:00Z,2001-03-28T00:00:00Z,IDEPT5528,Male
IU301330,1980-11-30T00:00:00Z,2001-08-05T00:00:00Z,IDEPT2357,Male
IU564831,1981-08-27T00:00:00Z,2006-05-15T00:00:00Z,IDEPT1388,Female
IU391736,1988-01-19T00:00:00Z,2007-09-02T00:00:00Z,IDEPT5127,Female
IU133525,1978-09-01T00:00:00Z,2010-08-26T00:00:00Z,IDEPT2357,Male
IU160119,1979-07-16T00:00:00Z,2003-04-27T00:00:00Z,IDEPT4132,Female
IU806621,1983-01-25T00:00:00Z,2009-07-29T00:00:00Z,IDEPT1142,Male
IU908741,1986-07-07T00:00:00Z,2013-11-23T00:00:00Z,IDEPT1677,Female
IU821348,1980-04-28T00:00:00Z,2010-04-13T00:00:00Z,IDEPT1537,Female
IU271286,1971-06-18T00:00:00Z,2007-05-30T00:00:00Z,IDEPT3868,Male
IU859028,1985-11-09T00:00:00Z,2009-12-22T00:00:00Z,IDEPT1367,Male
IU440953,1991-02-10T00:00:00Z,2012-08-21T00:00:00Z,IDEPT8313,Female
IU782253,1988-07-30T00:00:00Z,2011-06-03T00:00:00Z,IDEPT2054,Male
IU641916,1980-01-25T00:00:00Z,2008-02-23T00:00:00Z,IDEPT7005,Male
IU705753,1985-05-12T00:00:00Z,2001-02-20T00:00:00Z,IDEPT1367,Male
IU753520,1972-12-05T00:00:00Z,2006-10-04T00:00:00Z,IDEPT3062,Female
IU829108,1976-01-12T00:00:00Z,2007-05-11T00:00:00Z,IDEPT6347,Female
IU138448,1970-04-12T00:00:00Z,2003-03-10T00:00:00Z,IDEPT8313,Female
IU420763,1974-02-06T00:00:00Z,2008-05-27T00:00:00Z,IDEPT7626,Female
IU233038,1992-10-02T00:00:00Z,2008-12-12T00:00:00Z,IDEPT5528,Female
IU695482,1977-12-11T00:00:00Z,2008-04-18T00:00:00Z,IDEPT4938,Female
IU528881,1992-12-13T00:00:00Z,2011-03-27T00:00:00Z,IDEPT5127,Female
IU780387,1977-12-26T00:00:00Z,2006-02-13T00:00:00Z,IDEPT7783,Male
IU758744,1991-04-20T00:00:00Z,2000-06-24T00:00:00Z,IDEPT5528,Male
IU614210,1979-06-01T00:00:00Z,2001-09-02T00:00:00Z,IDEPT4670,Female
IU570506,1970-09-11T00:00:00Z,2005-10-09T00:00:00Z,IDEPT4670,Female
IU277655,1988-06-04T00:00:00Z,2001-09-18T00:00:00Z,IDEPT5408,Male
IU677053,1992-02-01T00:00:00Z,2003-05-27T00:00:00Z,IDEPT5408,Female
IU661044,1989-07-18T00:00:00Z,2010-04-08T00:00:00Z,IDEPT7626,Male
IU739520,1976-05-16T00:00:00Z,2001-05-25T00:00:00Z,IDEPT5881,Female
IU445489,1988-10-01T00:00:00Z,2006-01-24T00:00:00Z,IDEPT5127,Female
IU838077,1993-07-18T00:00:00Z,2007-04-12T00:00:00Z,IDEPT1825,Male
IU164953,1991-06-30T00:00:00Z,2007-07-26T00:00:00Z,IDEPT3868,Male
IU605579,1973-07-29T00:00:00Z,2007-08-13T00:00:00Z,IDEPT1677,Female
IU202628,1981-06-11T00:00:00Z,2007-05-19T00:00:00Z,IDEPT8379,Male
IU469763,1984-12-17T00:00:00Z,2010-04-07T00:00:00Z,IDEPT1142,Male
IU429696,1993-12-03T00:00:00Z,2001-01-12T00:00:00Z,IDEPT5127,Male
IU702617,1969-09-30T00:00:00Z,2008-04-01T00:00:00Z,IDEPT6347,Female
IU301679,1986-10-04T00:00:00Z,2014-01-01T00:00:00Z,IDEPT1388,Male
IU136186,1984-11-03T00:00:00Z,2014-07-11T00:00:00Z,IDEPT1142,Male
IU226782,1978-11-07T00:00:00Z,2013-09-09T00:00:00Z,IDEPT1533,Female
IU469798,1983-06-13T00:00:00Z,2008-08-27T00:00:00Z,IDEPT5109,Female
IU731281,1976-01-26T00:00:00Z,2007-07-02T00:00:00Z,IDEPT5408,Female
IU573049,1994-05-08T00:00:00Z,2000-03-01T00:00:00Z,IDEPT3115,Male
IU845710,1972-05-09T00:00:00Z,2001-10-26T00:00:00Z,IDEPT5109,Male
IU228243,1971-03-13T00:00:00Z,2003-09-28T00:00:00Z,IDEPT1615,Female
IU684059,1974-11-03T00:00:00Z,2000-03-12T00:00:00Z,IDEPT6347,Male
IU869693,1972-12-26T00:00:00Z,2010-01-13T00:00:00Z,IDEPT2054,Female
IU418731,1983-01-10T00:00:00Z,2014-04-13T00:00:00Z,IDEPT1825,Female
IU397409,1980-10-29T00:00:00Z,2006-08-24T00:00:00Z,IDEPT7783,Female
IU892420,1969-08-11T00:00:00Z,2001-08-04T00:00:00Z,IDEPT7783,Male
IU122721,1990-01-21T00:00:00Z,2005-08-30T00:00:00Z,IDEPT2601,Female
IU512644,1989-07-22T00:00:00Z,2009-08-01T00:00:00Z,IDEPT4132,Female
IU909240,1982-01-31T00:00:00Z,2014-05-09T00:00:00Z,IDEPT3115,Male
IU663263,1980-12-30T00:00:00Z,2004-02-05T00:00:00Z,IDEPT5109,Female
IU425212,1976-01-22T00:00:00Z,2012-12-10T00:00:00Z,IDEPT4670,Female
IU202625,1976-11-27T00:00:00Z,2011-11-14T00:00:00Z,IDEPT1533,Male
IU738148,1993-01-20T00:00:00Z,2013-12-13T00:00:00Z,IDEPT1388,Female
IU430177,1984-12-31T00:00:00Z,2007-10-20T00:00:00Z,IDEPT4670,Male
IU635288,1970-03-13T00:00:00Z,2012-06-05T00:00:00Z,IDEPT3115,Female
IU789680,1981-12-25T00:00:00Z,2010-07-09T00:00:00Z,IDEPT3062,Female
IU182243,1992-01-21T00:00:00Z,2008-11-09T00:00:00Z,IDEPT8313,Male
IU327985,1983-07-06T00:00:00Z,2009-08-24T00:00:00Z,IDEPT4132,Male
IU533528,1985-05-20T00:00:00Z,2005-03-03T00:00:00Z,IDEPT3115,Male
IU723031,1981-06-06T00:00:00Z,2006-07-20T00:00:00Z,IDEPT8379,Female
IU934910,1986-01-08T00:00:00Z,2009-06-04T00:00:00Z,IDEPT1537,Male
IU169952,1990-10-25T00:00:00Z,2004-03-11T00:00:00Z,IDEPT5408,Female
IU178366,1991-10-25T00:00:00Z,2004-11-01T00:00:00Z,IDEPT3062,Female
IU721549,1991-06-19T00:00:00Z,2009-12-02T00:00:00Z,IDEPT1142,Male
IU516266,1977-09-03T00:00:00Z,2004-12-06T00:00:00Z,IDEPT4670,Female
IU862692,1989-02-24T00:00:00Z,2012-10-16T00:00:00Z,IDEPT1825,Female
IU207880,1990-10-22T00:00:00Z,2012-11-25T00:00:00Z,IDEPT5109,Male
IU820075,1970-09-29T00:00:00Z,2013-11-03T00:00:00Z,IDEPT8379,Male
IU427979,1984-10-04T00:00:00Z,2012-06-12T00:00:00Z,IDEPT3062,Female
IU325411,1986-10-30T00:00:00Z,2009-03-01T00:00:00Z,IDEPT1677,Female
IU559192,1980-06-06T00:00:00Z,2009-01-19T00:00:00Z,IDEPT4670,Male
IU642949,1989-09-02T00:00:00Z,2012-04-24T00:00:00Z,IDEPT1537,Female
IU341933,1990-07-11T00:00:00Z,2012-08-01T00:00:00Z,IDEPT7005,Female
IU906322,1976-10-18T00:00:00Z,2001-01-21T00:00:00Z,IDEPT4670,Male
IU816890,1979-06-21T00:00:00Z,1999-08-09T00:00:00Z,IDEPT4938,Male
IU506955,1972-10-14T00:00:00Z,2006-05-19T00:00:00Z,IDEPT8598,Male
IU211110,1983-04-04T00:00:00Z,2012-08-01T00:00:00Z,IDEPT2601,Female
IU408398,1987-01-30T00:00:00Z,2001-07-25T00:00:00Z,IDEPT1825,Male
IU751501,1983-12-14T00:00:00Z,2002-06-28T00:00:00Z,IDEPT4055,Female
IU170799,1974-03-01T00:00:00Z,2005-03-12T00:00:00Z,IDEPT6347,Male
IU752831,1989-01-21T00:00:00Z,2005-12-12T00:00:00Z,IDEPT7783,Female
IU850341,1989-08-03T00:00:00Z,2001-01-24T00:00:00Z,IDEPT7626,Female
IU410633,1979-05-01T00:00:00Z,2008-08-14T00:00:00Z,IDEPT1388,Female
IU864193,1993-01-30T00:00:00Z,2013-11-12T00:00:00Z,IDEPT6347,Female
IU681338,1975-12-12T00:00:00Z,2009-03-07T00:00:00Z,IDEPT2601,Female
IU265455,1982-10-25T00:00:00Z,2001-02-04T00:00:00Z,IDEPT8598,Female
IU375598,1989-05-22T00:00:00Z,2000-10-21T00:00:00Z,IDEPT3778,Female
IU508574,1970-11-20T00:00:00Z,2009-10-10T00:00:00Z,IDEPT2601,Female
IU960495,1988-06-19T00:00:00Z,2003-08-30T00:00:00Z,IDEPT1537,Female
IU428752,1974-06-24T00:00:00Z,2007-06-09T00:00:00Z,IDEPT3868,Female
IU204067,1979-05-02T00:00:00Z,2006-07-07T00:00:00Z,IDEPT3062,Male
IU208561,1988-10-26T00:00:00Z,2011-01-31T00:00:00Z,IDEPT8379,Male
IU519293,1984-09-15T00:00:00Z,2009-06-04T00:00:00Z,IDEPT3062,Male
IU822516,1978-07-09T00:00:00Z,2014-05-25T00:00:00Z,IDEPT5881,Male
IU995320,1977-03-05T00:00:00Z,2003-07-17T00:00:00Z,IDEPT1825,Male
IU964518,1981-06-23T00:00:00Z,2013-08-23T00:00:00Z,IDEPT5881,Male
IU894235,1973-11-12T00:00:00Z,2012-08-26T00:00:00Z,IDEPT1615,Female
IU288401,1977-03-18T00:00:00Z,1999-09-08T00:00:00Z,IDEPT3868,Female
IU291748,1989-12-15T00:00:00Z,2001-07-29T00:00:00Z,IDEPT5881,Male
IU241381,1994-07-13T00:00:00Z,2011-11-16T00:00:00Z,IDEPT1142,Female
IU268506,1982-07-16T00:00:00Z,2007-02-19T00:00:00Z,IDEPT8598,Male
IU366991,1991-09-05T00:00:00Z,2002-10-12T00:00:00Z,IDEPT5528,Female
IU399810,1976-09-28T00:00:00Z,2009-01-29T00:00:00Z,IDEPT8313,Male
IU312327,1975-04-24T00:00:00Z,2012-03-17T00:00:00Z,IDEPT3778,Female
IU153231,1969-10-24T00:00:00Z,2007-11-27T00:00:00Z,IDEPT3115,Female
IU657927,1982-12-11T00:00:00Z,2001-05-03T00:00:00Z,IDEPT2425,Female
IU191586,1978-09-18T00:00:00Z,2002-04-23T00:00:00Z,IDEPT7626,Female
IU246186,1986-11-02T00:00:00Z,2009-01-19T00:00:00Z,IDEPT2054,Female
IU981891,1977-04-27T00:00:00Z,2009-03-10T00:00:00Z,IDEPT1378,Male
IU538991,1994-04-06T00:00:00Z,2014-03-20T00:00:00Z,IDEPT5109,Male
IU268651,1971-11-23T00:00:00Z,2002-10-26T00:00:00Z,IDEPT3778,Male
IU738373,1978-03-05T00:00:00Z,2005-01-14T00:00:00Z,IDEPT5127,Male
IU944782,1980-08-31T00:00:00Z,2007-08-27T00:00:00Z,IDEPT3115,Female
IU626787,1977-11-05T00:00:00Z,2010-08-05T00:00:00Z,IDEPT2601,Female
IU214283,1980-02-24T00:00:00Z,2008-12-27T00:00:00Z,IDEPT2425,Male
IU510307,1988-09-03T00:00:00Z,2011-01-25T00:00:00Z,IDEPT3778,Male
IU761906,1976-12-11T00:00:00Z,2013-04-10T00:00:00Z,IDEPT5109,Male
IU390465,1989-08-04T00:00:00Z,2001-05-13T00:00:00Z,IDEPT3778,Male
IU490542,1984-03-31T00:00:00Z,2005-01-30T00:00:00Z,IDEPT8379,Male
IU349204,1981-12-22T00:00:00Z,2009-09-27T00:00:00Z,IDEPT4938,Male
IU323581,1987-02-18T00:00:00Z,2008-09-27T00:00:00Z,IDEPT3115,Female
IU217492,1970-05-08T00:00:00Z,2003-11-20T00:00:00Z,IDEPT2601,Female
IU220175,1990-04-03T00:00:00Z,2002-01-10T00:00:00Z,IDEPT7783,Female
IU821623,1977-05-31T00:00:00Z,2007-01-01T00:00:00Z,IDEPT7626,Male
IU870155,1989-09-14T00:00:00Z,2008-10-31T00:00:00Z,IDEPT1388,Male
IU480250,1988-05-27T00:00:00Z,2010-01-27T00:00:00Z,IDEPT1388,Male
IU819549,1989-06-11T00:00:00Z,2007-03-27T00:00:00Z,IDEPT1533,Male
IU187772,1983-07-29T00:00:00Z,2013-05-11T00:00:00Z,IDEPT7626,Female
IU498408,1992-09-30T00:00:00Z,2005-08-20T00:00:00Z,IDEPT1677,Male
IU124080,1976-02-21T00:00:00Z,2003-10-31T00:00:00Z,IDEPT1677,Male
IU260788,1979-05-10T00:00:00Z,2007-11-19T00:00:00Z,IDEPT1615,Male
IU366351,1976-11-12T00:00:00Z,2003-10-16T00:00:00Z,IDEPT1423,Female
IU492187,1989-12-25T00:00:00Z,2014-07-04T00:00:00Z,IDEPT1142,Male
IU222599,1969-09-18T00:00:00Z,2013-08-19T00:00:00Z,IDEPT3115,Male
IU415304,1975-03-27T00:00:00Z,2013-11-23T00:00:00Z,IDEPT2425,Male
IU947736,1988-11-08T00:00:00Z,2008-11-24T00:00:00Z,IDEPT2425,Female
IU906894,1975-09-15T00:00:00Z,2010-12-19T00:00:00Z,IDEPT3115,Male
IU973524,1983-04-04T00:00:00Z,2011-02-08T00:00:00Z,IDEPT1388,Male
IU327964,1975-10-29T00:00:00Z,2000-08-05T00:00:00Z,IDEPT7783,Female
IU370459,1990-08-03T00:00:00Z,2006-04-22T00:00:00Z,IDEPT3778,Male
IU444477,1979-04-30T00:00:00Z,2005-03-30T00:00:00Z,IDEPT4132,Female
IU571216,1976-02-22T00:00:00Z,2007-10-11T00:00:00Z,IDEPT1388,Female
IU630070,1985-03-13T00:00:00Z,2000-04-27T00:00:00Z,IDEPT4670,Male
IU317969,1986-09-26T00:00:00Z,2000-05-25T00:00:00Z,IDEPT1537,Male
IU342775,1993-06-18T00:00:00Z,2011-06-23T00:00:00Z,IDEPT2601,Male
IU348500,1973-10-10T00:00:00Z,2013-08-31T00:00:00Z,IDEPT4938,Female
IU971602,1975-11-10T00:00:00Z,2013-05-24T00:00:00Z,IDEPT4132,Female
IU610008,1973-05-16T00:00:00Z,2009-04-23T00:00:00Z,IDEPT4132,Female
IU976032,1979-07-13T00:00:00Z,2006-09-15T00:00:00Z,IDEPT3868,Male
IU879530,1986-04-28T00:00:00Z,2004-01-11T00:00:00Z,IDEPT5109,Male
IU777655,1978-06-11T00:00:00Z,2008-10-12T00:00:00Z,IDEPT2357,Female
IU146516,1987-01-29T00:00:00Z,2010-03-06T00:00:00Z,IDEPT1677,Male
IU588644,1972-02-08T00:00:00Z,2002-05-26T00:00:00Z,IDEPT1615,Female
IU131301,1987-10-08T00:00:00Z,2010-05-24T00:00:00Z,IDEPT5109,Male
IU330011,1973-02-24T00:00:00Z,2002-05-16T00:00:00Z,IDEPT8379,Female
IU437832,1972-05-04T00:00:00Z,2002-05-06T00:00:00Z,IDEPT7005,Male
IU603458,1973-08-26T00:00:00Z,2004-05-30T00:00:00Z,IDEPT1367,Male
IU290072,1987-04-14T00:00:00Z,2012-03-20T00:00:00Z,IDEPT4132,Female
IU674734,1987-12-20T00:00:00Z,2002-12-22T00:00:00Z,IDEPT2357,Female
IU410633,1973-06-13T00:00:00Z,2014-05-26T00:00:00Z,IDEPT6347,Female
IU923599,1990-05-22T00:00:00Z,2011-12-27T00:00:00Z,IDEPT1142,Female
IU263351,1978-12-20T00:00:00Z,2009-04-21T00:00:00Z,IDEPT3778,Female
IU677544,1984-02-11T00:00:00Z,2000-05-15T00:00:00Z,IDEPT1537,Female
IU304996,1987-12-25T00:00:00Z,2008-07-13T00:00:00Z,IDEPT5127,Male
IU689925,1975-02-13T00:00:00Z,2007-10-04T00:00:00Z,IDEPT2357,Male
IU250243,1987-06-29T00:00:00Z,2004-02-26T00:00:00Z,IDEPT5408,Female
IU643936,1973-09-02T00:00:00Z,2012-06-09T00:00:00Z,IDEPT1378,Female
IU320174,1972-06-08T00:00:00Z,2007-01-22T00:00:00Z,IDEPT5528,Female
IU704775,1979-11-16T00:00:00Z,2004-12-22T00:00:00Z,IDEPT1367,Female
IU832124,1982-08-21T00:00:00Z,2002-02-27T00:00:00Z,IDEPT1142,Male
IU625266,1981-05-18T00:00:00Z,2012-12-18T00:00:00Z,IDEPT1423,Male
IU528344,1978-04-16T00:00:00Z,2011-06-13T00:00:00Z,IDEPT1388,Male
IU456695,1988-03-30T00:00:00Z,2008-06-14T00:00:00Z,IDEPT1825,Male
IU533189,1975-11-01T00:00:00Z,2007-11-22T00:00:00Z,IDEPT4938,Male
IU201056,1975-02-28T00:00:00Z,2003-11-21T00:00:00Z,IDEPT1423,Male
IU906576,1979-10-11T00:00:00Z,2000-10-30T00:00:00Z,IDEPT7005,Male
IU335562,1974-08-17T00:00:00Z,2014-04-07T00:00:00Z,IDEPT2357,Female
IU193468,1975-07-15T00:00:00Z,2012-11-16T00:00:00Z,IDEPT5109,Male
IU351745,1987-02-22T00:00:00Z,2012-05-06T00:00:00Z,IDEPT5109,Male
IU345987,1987-05-14T00:00:00Z,2014-04-08T00:00:00Z,IDEPT3115,Male
IU299274,1972-10-23T00:00:00Z,2002-04-23T00:00:00Z,IDEPT2054,Male
IU482350,1986-06-16T00:00:00Z,2010-11-22T00:00:00Z,IDEPT5408,Female
IU123559,1984-07-25T00:00:00Z,2012-05-07T00:00:00Z,IDEPT5881,Male
IU698701,1987-05-18T00:00:00Z,2005-12-28T00:00:00Z,IDEPT4670,Male
IU215930,1982-11-23T00:00:00Z,2002-02-15T00:00:00Z,IDEPT4938,Female
IU191434,1981-10-02T00:00:00Z,2007-12-03T00:00:00Z,IDEPT6347,Female
IU826622,1987-07-29T00:00:00Z,2008-10-27T00:00:00Z,IDEPT5109,Male
IU817598,1979-05-25T00:00:00Z,2002-07-02T00:00:00Z,IDEPT1423,Female
IU155569,1972-12-06T00:00:00Z,2013-04-23T00:00:00Z,IDEPT8379,Female
IU390407,1981-01-06T00:00:00Z,2010-05-09T00:00:00Z,IDEPT8379,Female
IU863998,1981-12-08T00:00:00Z,2001-06-21T00:00:00Z,IDEPT5109,Male
IU922106,1985-03-18T00:00:00Z,2014-03-02T00:00:00Z,IDEPT3868,Female
IU237580,1973-05-01T00:00:00Z,2014-03-04T00:00:00Z,IDEPT3062,Male
IU241057,1986-05-12T00:00:00Z,2013-08-24T00:00:00Z,IDEPT4670,Female
IU325317,1994-02-15T00:00:00Z,2009-11-02T00:00:00Z,IDEPT1825,Male
IU616128,1993-11-19T00:00:00Z,2010-01-21T00:00:00Z,IDEPT1537,Male
IU219814,1978-10-20T00:00:00Z,2012-02-20T00:00:00Z,IDEPT1533,Male
IU715343,1972-11-08T00:00:00Z,2008-01-06T00:00:00Z,IDEPT1533,Female
IU927129,1994-02-05T00:00:00Z,2008-09-03T00:00:00Z,IDEPT5528,Male
IU548721,1970-11-03T00:00:00Z,2005-07-29T00:00:00Z,IDEPT8379,Female
IU329263,1981-12-05T00:00:00Z,2000-02-04T00:00:00Z,IDEPT3778,Female
IU585927,1981-05-07T00:00:00Z,2014-05-27T00:00:00Z,IDEPT8313,Female
IU632690,1973-01-02T00:00:00Z,2008-05-31T00:00:00Z,IDEPT5528,Male
IU319397,1994-04-13T00:00:00Z,2006-06-28T00:00:00Z,IDEPT5127,Male
IU515736,1993-05-19T00:00:00Z,2000-04-30T00:00:00Z,IDEPT3115,Female
IU933877,1976-09-05T00:00:00Z,2007-07-01T00:00:00Z,IDEPT1367,Female
IU873202,1987-09-02T00:00:00Z,2012-03-23T00:00:00Z,IDEPT3115,Male
IU752119,1978-07-03T00:00:00Z,2005-11-04T00:00:00Z,IDEPT2357,Male
IU123411,1982-02-03T00:00:00Z,2013-06-07T00:00:00Z,IDEPT2425,Female
IU825545,1976-12-18T00:00:00Z,2008-06-21T00:00:00Z,IDEPT1367,Male
IU398297,1984-03-06T00:00:00Z,2002-03-15T00:00:00Z,IDEPT1825,Male
IU466140,1977-02-14T00:00:00Z,2011-04-18T00:00:00Z,IDEPT7783,Female
IU651561,1986-11-15T00:00:00Z,2007-07-18T00:00:00Z,IDEPT2357,Male
IU132090,1974-06-01T00:00:00Z,2005-04-26T00:00:00Z,IDEPT1388,Male
IU429751,1970-05-26T00:00:00Z,2011-07-10T00:00:00Z,IDEPT4055,Female
IU498688,1993-01-06T00:00:00Z,2013-03-11T00:00:00Z,IDEPT4055,Male
IU243623,1973-12-19T00:00:00Z,2013-12-30T00:00:00Z,IDEPT4938,Female
IU739269,1984-02-23T00:00:00Z,2003-08-22T00:00:00Z,IDEPT1533,Female
IU173065,1981-11-19T00:00:00Z,2006-05-06T00:00:00Z,IDEPT7783,Female
IU293657,1993-08-17T00:00:00Z,2013-04-01T00:00:00Z,IDEPT5127,Female
IU736531,1992-11-22T00:00:00Z,2011-11-24T00:00:00Z,IDEPT1378,Male
IU146874,1982-01-09T00:00:00Z,2004-09-25T00:00:00Z,IDEPT1533,Female
IU928832,1972-11-20T00:00:00Z,2006-11-17T00:00:00Z,IDEPT2425,Female
IU567357,1978-11-06T00:00:00Z,2008-04-17T00:00:00Z,IDEPT3062,Female
IU920159,1991-12-20T00:00:00Z,2004-07-20T00:00:00Z,IDEPT1537,Male
IU428129,1976-11-17T00:00:00Z,2001-11-06T00:00:00Z,IDEPT1388,Male
IU568060,1978-09-01T00:00:00Z,2014-03-06T00:00:00Z,IDEPT8379,Male
IU855724,1977-12-04T00:00:00Z,2007-09-18T00:00:00Z,IDEPT1537,Female
IU750151,1988-05-23T00:00:00Z,2001-08-17T00:00:00Z,IDEPT2425,Male
IU527590,1974-03-17T00:00:00Z,2008-08-22T00:00:00Z,IDEPT2054,Male
IU636090,1986-01-13T00:00:00Z,2002-07-07T00:00:00Z,IDEPT5881,Male
IU752672,1975-04-30T00:00:00Z,2009-05-21T00:00:00Z,IDEPT5109,Female
IU227724,1987-04-04T00:00:00Z,2005-11-21T00:00:00Z,IDEPT3868,Female
IU827705,1976-12-29T00:00:00Z,2011-03-31T00:00:00Z,IDEPT7783,Male
IU255180,1972-01-14T00:00:00Z,2010-05-17T00:00:00Z,IDEPT3778,Male
IU361823,1984-11-08T00:00:00Z,2002-03-28T00:00:00Z,IDEPT1378,Male
IU859418,1976-03-13T00:00:00Z,2006-09-08T00:00:00Z,IDEPT3778,Female
IU386628,1987-11-19T00:00:00Z,2008-11-16T00:00:00Z,IDEPT4132,Female
IU713667,1986-04-25T00:00:00Z,2007-07-28T00:00:00Z,IDEPT2601,Female
IU542025,1976-01-24T00:00:00Z,1999-12-08T00:00:00Z,IDEPT1367,Male
IU140338,1971-07-21T00:00:00Z,2001-09-29T00:00:00Z,IDEPT8313,Male
IU763930,1978-12-16T00:00:00Z,2000-05-22T00:00:00Z,IDEPT7626,Female
IU216642,1976-04-25T00:00:00Z,2002-07-31T00:00:00Z,IDEPT1378,Female
IU662929,1979-07-18T00:00:00Z,2012-08-09T00:00:00Z,IDEPT8313,Male
IU235093,1993-11-27T00:00:00Z,2004-08-21T00:00:00Z,IDEPT2054,Female
IU784869,1992-12-25T00:00:00Z,2004-08-27T00:00:00Z,IDEPT5528,Male
IU820355,1980-09-07T00:00:00Z,2009-03-08T00:00:00Z,IDEPT2601,Female
IU221973,1993-12-26T00:00:00Z,2010-01-12T00:00:00Z,IDEPT5528,Male
IU168958,1970-03-30T00:00:00Z,2006-09-02T00:00:00Z,IDEPT3778,Male
IU578797,1991-08-04T00:00:00Z,2011-01-23T00:00:00Z,IDEPT2357,Male
IU776397,1987-06-19T00:00:00Z,2003-10-25T00:00:00Z,IDEPT4055,Female
IU920407,1982-06-29T00:00:00Z,2000-03-29T00:00:00Z,IDEPT1677,Male
IU207444,1973-12-06T00:00:00Z,2011-09-30T00:00:00Z,IDEPT2601,Female
IU625318,1971-10-30T00:00:00Z,2010-04-06T00:00:00Z,IDEPT5408,Male
IU184903,1971-07-13T00:00:00Z,2012-02-01T00:00:00Z,IDEPT5408,Female
IU598107,1984-08-26T00:00:00Z,2000-09-30T00:00:00Z,IDEPT2601,Male
IU683857,1980-05-24T00:00:00Z,2005-12-22T00:00:00Z,IDEPT2425,Male
IU661947,1988-02-02T00:00:00Z,2013-06-27T00:00:00Z,IDEPT2425,Male
IU413078,1972-11-16T00:00:00Z,2005-06-10T00:00:00Z,IDEPT8313,Female
IU248589,1990-06-16T00:00:00Z,2003-04-06T00:00:00Z,IDEPT1825,Male
IU794640,1972-02-17T00:00:00Z,2012-05-10T00:00:00Z,IDEPT1388,Female
IU612761,1994-07-17T00:00:00Z,2007-11-15T00:00:00Z,IDEPT5881,Male
IU163934,1978-10-14T00:00:00Z,2013-06-07T00:00:00Z,IDEPT7005,Male
IU246634,1987-10-28T00:00:00Z,2003-05-13T00:00:00Z,IDEPT5408,Male
IU369805,1989-06-30T00:00:00Z,2004-04-17T00:00:00Z,IDEPT7626,Male
IU994214,1991-01-13T00:00:00Z,2002-12-03T00:00:00Z,IDEPT7783,Male
IU321723,1986-05-07T00:00:00Z,2005-02-18T00:00:00Z,IDEPT7626,Female
IU815760,1988-02-27T00:00:00Z,2013-12-23T00:00:00Z,IDEPT7626,Female
IU763815,1977-04-14T00:00:00Z,2003-08-23T00:00:00Z,IDEPT7626,Female
IU612744,1990-06-11T00:00:00Z,1999-08-25T00:00:00Z,IDEPT1423,Male
IU995250,1990-06-08T00:00:00Z,2001-08-18T00:00:00Z,IDEPT4670,Male
IU742510,1970-12-23T00:00:00Z,2002-10-07T00:00:00Z,IDEPT2054,Female
IU877835,1970-11-26T00:00:00Z,2007-07-12T00:00:00Z,IDEPT1615,Female
IU726156,1972-12-06T00:00:00Z,2004-05-20T00:00:00Z,IDEPT3868,Male
IU357109,1979-01-20T00:00:00Z,2000-12-30T00:00:00Z,IDEPT1615,Male
IU309800,1992-08-17T00:00:00Z,2002-11-26T00:00:00Z,IDEPT1388,Male
IU717028,1979-07-09T00:00:00Z,2010-03-27T00:00:00Z,IDEPT5881,Female
IU338625,1987-11-27T00:00:00Z,2003-07-21T00:00:00Z,IDEPT3778,Female
IU175504,1990-03-05T00:00:00Z,2013-07-13T00:00:00Z,IDEPT4670,Female
IU969369,1978-04-23T00:00:00Z,2001-11-02T00:00:00Z,IDEPT5127,Female
IU190368,1978-10-19T00:00:00Z,2004-09-12T00:00:00Z,IDEPT2054,Male
IU529688,1987-11-04T00:00:00Z,2006-12-02T00:00:00Z,IDEPT5127,Female
IU837169,1992-07-31T00:00:00Z,2008-07-14T00:00:00Z,IDEPT1423,Female
IU388674,1992-04-18T00:00:00Z,2014-04-07T00:00:00Z,IDEPT3115,Female
IU517560,1978-07-26T00:00:00Z,2006-11-06T00:00:00Z,IDEPT8313,Male
IU470457,1981-05-23T00:00:00Z,2006-06-24T00:00:00Z,IDEPT5408,Male
IU651302,1985-10-29T00:00:00Z,2010-07-04T00:00:00Z,IDEPT1388,Male
IU151581,1974-12-02T00:00:00Z,2000-05-28T00:00:00Z,IDEPT1533,Male
IU656073,1975-01-28T00:00:00Z,2006-02-21T00:00:00Z,IDEPT2425,Male
IU136453,1980-01-06T00:00:00Z,1999-10-21T00:00:00Z,IDEPT4055,Female
IU170457,1973-05-18T00:00:00Z,2007-07-18T00:00:00Z,IDEPT5109,Female
IU401825,1993-07-30T00:00:00Z,2008-04-23T00:00:00Z,IDEPT2357,Female
IU899277,1988-11-05T00:00:00Z,2009-06-14T00:00:00Z,IDEPT1142,Male
IU427981,1981-03-07T00:00:00Z,2005-05-16T00:00:00Z,IDEPT8598,Female
IU330126,1987-08-07T00:00:00Z,2004-09-10T00:00:00Z,IDEPT1615,Female
IU537101,1992-07-13T00:00:00Z,2003-03-31T00:00:00Z,IDEPT1533,Male
IU605891,1980-01-14T00:00:00Z,2012-03-14T00:00:00Z,IDEPT1423,Female
IU252300,1986-11-19T00:00:00Z,2007-03-21T00:00:00Z,IDEPT2357,Female
IU302290,1975-08-04T00:00:00Z,2004-05-31T00:00:00Z,IDEPT5408,Male
IU525119,1978-02-04T00:00:00Z,2010-07-01T00:00:00Z,IDEPT3868,Female
IU132172,1981-04-16T00:00:00Z,1999-07-20T00:00:00Z,IDEPT4055,Male
IU313801,1986-06-07T00:00:00Z,2001-08-08T00:00:00Z,IDEPT1142,Male
IU388666,1993-02-13T00:00:00Z,2007-02-06T00:00:00Z,IDEPT5528,Male
IU180575,1982-06-15T00:00:00Z,2006-09-04T00:00:00Z,IDEPT3868,Female
IU117698,1988-04-30T00:00:00Z,2009-02-07T00:00:00Z,IDEPT5528,Female
IU243018,1982-07-09T00:00:00Z,2012-01-14T00:00:00Z,IDEPT3115,Female
IU360008,1979-10-05T00:00:00Z,2001-09-18T00:00:00Z,IDEPT4055,Male
IU687483,1987-03-27T00:00:00Z,2006-09-17T00:00:00Z,IDEPT1615,Female
IU123462,1981-10-23T00:00:00Z,2004-12-24T00:00:00Z,IDEPT5528,Male
IU452709,1972-04-26T00:00:00Z,2006-09-16T00:00:00Z,IDEPT8313,Female
IU341934,1972-02-01T00:00:00Z,2000-06-27T00:00:00Z,IDEPT6347,Male
IU813724,1981-11-24T00:00:00Z,2000-10-28T00:00:00Z,IDEPT7783,Female
IU264087,1976-04-22T00:00:00Z,2001-11-26T00:00:00Z,IDEPT2357,Male
IU994689,1993-08-25T00:00:00Z,2005-03-26T00:00:00Z,IDEPT5109,Female
IU332671,1973-08-03T00:00:00Z,2003-08-19T00:00:00Z,IDEPT1615,Male
IU141872,1981-12-30T00:00:00Z,2005-09-17T00:00:00Z,IDEPT7783,Male
IU981557,1981-10-30T00:00:00Z,2014-01-24T00:00:00Z,IDEPT1378,Male
IU978568,1970-11-02T00:00:00Z,2010-10-22T00:00:00Z,IDEPT4132,Male
IU692670,1977-03-03T00:00:00Z,2008-06-21T00:00:00Z,IDEPT5408,Female
IU769461,1973-08-09T00:00:00Z,2004-12-27T00:00:00Z,IDEPT5881,Male
IU495951,1979-01-12T00:00:00Z,2008-07-21T00:00:00Z,IDEPT5109,Female
IU280711,1992-02-16T00:00:00Z,2002-08-20T00:00:00Z,IDEPT1388,Male
IU939315,1990-07-07T00:00:00Z,2004-10-19T00:00:00Z,IDEPT1537,Male
IU508882,1993-02-25T00:00:00Z,2006-04-18T00:00:00Z,IDEPT5109,Male
IU606440,1970-02-14T00:00:00Z,2003-03-14T00:00:00Z,IDEPT1367,Male
IU493308,1990-04-09T00:00:00Z,2011-07-31T00:00:00Z,IDEPT4670,Female
IU862282,1980-07-27T00:00:00Z,2005-05-22T00:00:00Z,IDEPT1388,Male
IU735889,1981-08-27T00:00:00Z,2012-12-01T00:00:00Z,IDEPT5109,Male
IU210386,1988-11-30T00:00:00Z,2007-07-15T00:00:00Z,IDEPT3115,Male
IU420817,1973-10-27T00:00:00Z,2003-12-29T00:00:00Z,IDEPT2425,Female
IU676965,1978-06-14T00:00:00Z,1999-08-28T00:00:00Z,IDEPT4132,Male
IU668015,1994-07-05T00:00:00Z,2013-05-19T00:00:00Z,IDEPT1367,Female
IU188961,1973-05-05T00:00:00Z,2011-08-25T00:00:00Z,IDEPT1367,Female
IU735338,1969-08-25T00:00:00Z,2010-04-25T00:00:00Z,IDEPT2357,Female
IU206620,1981-12-02T00:00:00Z,2006-01-15T00:00:00Z,IDEPT1142,Female
IU804279,1987-03-26T00:00:00Z,2013-09-11T00:00:00Z,IDEPT1378,Female
IU148710,1972-01-31T00:00:00Z,1999-10-23T00:00:00Z,IDEPT8379,Male
IU925003,1972-09-14T00:00:00Z,2003-05-02T00:00:00Z,IDEPT1367,Female
IU265380,1991-04-21T00:00:00Z,2012-07-26T00:00:00Z,IDEPT1677,Female
IU967952,1980-08-23T00:00:00Z,2007-07-31T00:00:00Z,IDEPT3868,Male
IU185809,1972-02-25T00:00:00Z,2008-09-16T00:00:00Z,IDEPT4670,Female
IU686897,1976-07-20T00:00:00Z,2005-12-14T00:00:00Z,IDEPT8598,Female
IU181001,1986-09-17T00:00:00Z,2006-11-13T00:00:00Z,IDEPT2601,Female
IU612137,1982-01-07T00:00:00Z,2012-03-31T00:00:00Z,IDEPT1142,Female
IU131224,1984-12-31T00:00:00Z,2007-08-17T00:00:00Z,IDEPT3778,Male
IU569109,1981-12-05T00:00:00Z,2005-06-29T00:00:00Z,IDEPT5109,Male
IU799895,1978-06-03T00:00:00Z,2008-01-19T00:00:00Z,IDEPT8379,Female
IU839795,1976-08-11T00:00:00Z,2000-06-22T00:00:00Z,IDEPT1677,Male
IU417180,1970-01-12T00:00:00Z,2002-11-02T00:00:00Z,IDEPT2357,Male
IU210927,1979-01-12T00:00:00Z,2010-07-20T00:00:00Z,IDEPT4055,Male
IU206105,1989-06-23T00:00:00Z,2001-09-25T00:00:00Z,IDEPT7783,Male
IU383907,1990-08-13T00:00:00Z,2013-04-15T00:00:00Z,IDEPT1367,Female
IU583972,1986-07-23T00:00:00Z,2008-05-09T00:00:00Z,IDEPT3778,Female
IU653615,1994-02-14T00:00:00Z,2004-03-12T00:00:00Z,IDEPT1388,Female
IU556080,1984-12-16T00:00:00Z,2009-12-20T00:00:00Z,IDEPT1825,Female
IU684832,1988-01-19T00:00:00Z,2001-02-14T00:00:00Z,IDEPT1367,Female
IU502086,1975-03-23T00:00:00Z,2013-07-27T00:00:00Z,IDEPT5109,Female
IU243903,1993-09-03T00:00:00Z,2002-06-07T00:00:00Z,IDEPT4670,Female
IU140464,1970-09-19T00:00:00Z,2009-10-05T00:00:00Z,IDEPT5408,Female
IU828483,1989-08-29T00:00:00Z,2007-04-30T00:00:00Z,IDEPT8313,Male
IU542528,1988-04-18T00:00:00Z,2000-11-20T00:00:00Z,IDEPT2601,Female
IU791247,1977-11-11T00:00:00Z,2008-09-14T00:00:00Z,IDEPT1615,Male
IU899908,1986-06-29T00:00:00Z,2006-10-24T00:00:00Z,IDEPT1142,Female
IU682435,1985-11-08T00:00:00Z,2009-08-06T00:00:00Z,IDEPT1533,Male
IU258875,1983-01-12T00:00:00Z,2002-10-14T00:00:00Z,IDEPT3115,Female
IU137365,1977-08-24T00:00:00Z,2000-07-03T00:00:00Z,IDEPT4938,Female
IU679069,1978-04-06T00:00:00Z,2009-12-18T00:00:00Z,IDEPT5528,Female
IU139924,1982-09-12T00:00:00Z,2010-06-06T00:00:00Z,IDEPT2054,Female
IU124936,1973-04-03T00:00:00Z,1999-12-25T00:00:00Z,IDEPT1615,Female
IU495263,1979-05-03T00:00:00Z,2011-01-03T00:00:00Z,IDEPT3868,Female
IU344433,1991-09-11T00:00:00Z,2002-06-26T00:00:00Z,IDEPT1615,Female
IU186037,1975-08-25T00:00:00Z,2009-04-07T00:00:00Z,IDEPT7626,Male
IU895618,1971-08-14T00:00:00Z,2006-08-03T00:00:00Z,IDEPT4938,Female
IU231832,1983-10-13T00:00:00Z,2002-07-06T00:00:00Z,IDEPT8379,Male
IU420314,1971-07-26T00:00:00Z,2011-04-25T00:00:00Z,IDEPT3868,Male
IU539590,1993-07-28T00:00:00Z,2000-03-30T00:00:00Z,IDEPT1533,Female
IU283470,1971-03-25T00:00:00Z,2005-12-02T00:00:00Z,IDEPT5881,Male
IU351717,1982-04-14T00:00:00Z,2005-04-14T00:00:00Z,IDEPT1615,Male
IU644580,1972-05-03T00:00:00Z,2002-04-28T00:00:00Z,IDEPT5109,Male
IU573587,1977-01-01T00:00:00Z,2012-05-16T00:00:00Z,IDEPT1533,Female
IU567359,1981-05-13T00:00:00Z,2000-03-16T00:00:00Z,IDEPT6347,Male
IU967211,1977-02-10T00:00:00Z,2008-04-18T00:00:00Z,IDEPT8313,Male
IU861400,1980-07-27T00:00:00Z,2005-01-06T00:00:00Z,IDEPT4670,Female
IU272917,1990-10-06T00:00:00Z,2010-09-22T00:00:00Z,IDEPT3115,Male
IU414718,1984-02-23T00:00:00Z,2000-01-05T00:00:00Z,IDEPT4938,Male
IU823705,1979-12-09T00:00:00Z,2002-11-09T00:00:00Z,IDEPT4670,Male
IU933244,1991-12-28T00:00:00Z,2001-04-05T00:00:00Z,IDEPT1142,Male
IU911746,1979-06-30T00:00:00Z,2014-04-27T00:00:00Z,IDEPT5528,Female
IU216929,1993-01-09T00:00:00Z,2004-02-07T00:00:00Z,IDEPT1388,Female
IU278688,1979-12-28T00:00:00Z,2011-10-23T00:00:00Z,IDEPT4670,Male
IU533233,1980-06-14T00:00:00Z,1999-07-20T00:00:00Z,IDEPT4132,Male
IU603202,1987-07-26T00:00:00Z,2004-12-29T00:00:00Z,IDEPT5408,Male
IU982994,1974-12-21T00:00:00Z,2002-08-27T00:00:00Z,IDEPT8379,Male
IU570214,1984-08-12T00:00:00Z,2009-09-01T00:00:00Z,IDEPT5881,Female
IU683287,1992-10-02T00:00:00Z,2010-01-28T00:00:00Z,IDEPT2425,Male
IU330110,1992-11-25T00:00:00Z,2008-06-10T00:00:00Z,IDEPT2357,Female
IU800340,1972-04-24T00:00:00Z,2011-05-06T00:00:00Z,IDEPT5408,Male
IU892357,1970-04-25T00:00:00Z,2007-04-15T00:00:00Z,IDEPT5109,Male
IU358048,1992-10-02T00:00:00Z,2005-09-21T00:00:00Z,IDEPT7783,Male
IU747393,1983-04-03T00:00:00Z,2007-08-22T00:00:00Z,IDEPT4670,Female
IU383656,1994-06-26T00:00:00Z,2001-04-23T00:00:00Z,IDEPT1533,Male
IU725181,1982-07-10T00:00:00Z,2001-02-24T00:00:00Z,IDEPT1677,Female
IU312786,1992-02-01T00:00:00Z,2001-09-18T00:00:00Z,IDEPT3778,Male
IU889347,1971-12-30T00:00:00Z,2005-10-24T00:00:00Z,IDEPT8598,Male
IU184696,1987-01-11T00:00:00Z,2003-09-24T00:00:00Z,IDEPT7626,Male
IU564750,1988-10-24T00:00:00Z,2009-04-02T00:00:00Z,IDEPT7783,Male
IU498964,1972-06-03T00:00:00Z,2007-06-24T00:00:00Z,IDEPT1537,Male
IU268125,1988-09-19T00:00:00Z,2009-08-27T00:00:00Z,IDEPT3115,Male
IU881669,1978-07-17T00:00:00Z,2004-05-18T00:00:00Z,IDEPT2357,Male
IU312832,1980-11-04T00:00:00Z,2012-12-24T00:00:00Z,IDEPT4670,Male
IU362922,1987-06-19T00:00:00Z,2001-09-26T00:00:00Z,IDEPT6347,Male
IU185367,1971-04-02T00:00:00Z,2001-04-22T00:00:00Z,IDEPT7005,Male
IU292300,1987-10-15T00:00:00Z,2014-02-08T00:00:00Z,IDEPT1825,Male
IU428107,1991-06-23T00:00:00Z,2004-06-17T00:00:00Z,IDEPT1615,Female
IU292460,1990-07-12T00:00:00Z,2005-02-24T00:00:00Z,IDEPT7005,Female
IU647093,1992-09-18T00:00:00Z,2001-04-06T00:00:00Z,IDEPT1142,Female
IU685928,1988-08-11T00:00:00Z,2000-08-29T00:00:00Z,IDEPT8598,Male
IU621337,1976-08-30T00:00:00Z,2006-03-30T00:00:00Z,IDEPT4055,Male
IU172247,1971-05-23T00:00:00Z,2005-02-26T00:00:00Z,IDEPT3778,Male
IU452249,1991-06-03T00:00:00Z,2001-07-06T00:00:00Z,IDEPT8313,Male
IU369201,1972-01-21T00:00:00Z,2007-11-19T00:00:00Z,IDEPT5881,Female
IU809115,1973-02-01T00:00:00Z,2001-06-20T00:00:00Z,IDEPT8313,Female
IU262644,1992-07-26T00:00:00Z,2013-05-12T00:00:00Z,IDEPT7783,Male
IU674728,1970-06-21T00:00:00Z,2001-01-22T00:00:00Z,IDEPT8598,Female
IU978644,1986-11-16T00:00:00Z,2009-11-19T00:00:00Z,IDEPT2601,Male
IU366586,1975-08-24T00:00:00Z,2006-06-17T00:00:00Z,IDEPT5109,Female
IU633408,1982-02-14T00:00:00Z,2007-04-02T00:00:00Z,IDEPT1367,Male
IU917540,1978-12-18T00:00:00Z,2004-06-18T00:00:00Z,IDEPT5881,Female
IU430993,1990-10-11T00:00:00Z,2003-01-26T00:00:00Z,IDEPT2054,Male
IU239143,1987-12-15T00:00:00Z,2009-07-21T00:00:00Z,IDEPT1533,Female
IU989035,1971-01-13T00:00:00Z,2011-06-08T00:00:00Z,IDEPT1537,Male
IU855598,1986-02-08T00:00:00Z,2003-02-11T00:00:00Z,IDEPT5528,Male
IU738031,1989-03-17T00:00:00Z,2005-07-01T00:00:00Z,IDEPT4055,Male
IU444951,1983-07-05T00:00:00Z,2000-11-23T00:00:00Z,IDEPT2601,Male
IU783461,1971-05-06T00:00:00Z,2007-01-25T00:00:00Z,IDEPT1378,Male
IU212636,1993-09-20T00:00:00Z,2003-02-27T00:00:00Z,IDEPT6347,Male
IU465873,1969-10-15T00:00:00Z,2008-11-12T00:00:00Z,IDEPT2054,Female
IU469222,1985-05-25T00:00:00Z,2013-04-28T00:00:00Z,IDEPT5881,Female
IU689487,1984-06-17T00:00:00Z,2014-01-06T00:00:00Z,IDEPT5881,Female
IU621925,1972-08-10T00:00:00Z,2002-03-20T00:00:00Z,IDEPT5127,Male
IU911771,1971-09-13T00:00:00Z,2014-06-16T00:00:00Z,IDEPT1423,Female
IU702448,1985-12-14T00:00:00Z,2005-06-04T00:00:00Z,IDEPT2357,Female
IU772006,1988-12-04T00:00:00Z,2003-12-23T00:00:00Z,IDEPT5881,Female
IU973982,1985-12-24T00:00:00Z,2010-08-18T00:00:00Z,IDEPT4132,Male
IU444712,1991-09-15T00:00:00Z,2004-03-10T00:00:00Z,IDEPT5528,Male
IU207584,1990-12-14T00:00:00Z,2011-01-03T00:00:00Z,IDEPT2425,Female
IU885654,1983-04-16T00:00:00Z,2008-04-14T00:00:00Z,IDEPT1388,Female
IU609673,1982-02-03T00:00:00Z,2000-08-08T00:00:00Z,IDEPT5528,Female
IU209964,1976-05-04T00:00:00Z,2002-05-19T00:00:00Z,IDEPT1142,Male
IU311953,1982-05-16T00:00:00Z,2007-11-05T00:00:00Z,IDEPT5109,Male
IU184371,1988-04-03T00:00:00Z,2010-01-24T00:00:00Z,IDEPT8313,Female
IU214879,1988-06-21T00:00:00Z,2008-12-10T00:00:00Z,IDEPT7626,Female
IU834269,1976-04-24T00:00:00Z,2000-10-18T00:00:00Z,IDEPT5528,Male
IU201665,1988-11-08T00:00:00Z,2013-07-22T00:00:00Z,IDEPT1423,Male
IU754097,1994-02-04T00:00:00Z,2014-05-20T00:00:00Z,IDEPT8598,Male
IU281793,1970-06-06T00:00:00Z,2002-01-25T00:00:00Z,IDEPT8598,Male
IU523913,1992-01-08T00:00:00Z,2005-12-11T00:00:00Z,IDEPT5528,Male
IU619477,1982-10-12T00:00:00Z,2014-04-05T00:00:00Z,IDEPT1615,Female
IU460526,1993-09-20T00:00:00Z,2005-01-27T00:00:00Z,IDEPT4938,Male
IU605873,1990-05-30T00:00:00Z,2003-07-31T00:00:00Z,IDEPT8379,Female
IU291184,1991-06-21T00:00:00Z,2010-03-03T00:00:00Z,IDEPT1537,Female
IU758967,1984-06-18T00:00:00Z,2010-12-03T00:00:00Z,IDEPT2054,Male
IU136562,1988-07-25T00:00:00Z,2003-05-17T00:00:00Z,IDEPT6347,Female
IU265603,1973-12-26T00:00:00Z,2009-09-03T00:00:00Z,IDEPT3778,Female
IU347145,1973-03-02T00:00:00Z,2013-06-20T00:00:00Z,IDEPT8379,Male
IU713573,1985-12-27T00:00:00Z,2003-05-12T00:00:00Z,IDEPT8598,Female
IU419541,1988-06-25T00:00:00Z,2001-05-10T00:00:00Z,IDEPT1825,Male
IU342000,1985-06-04T00:00:00Z,2007-02-26T00:00:00Z,IDEPT3115,Male
IU508884,1974-06-20T00:00:00Z,2004-11-24T00:00:00Z,IDEPT1367,Male
IU820593,1994-06-27T00:00:00Z,1999-09-20T00:00:00Z,IDEPT2425,Male
IU773440,1989-05-04T00:00:00Z,2000-03-12T00:00:00Z,IDEPT5881,Female
IU149457,1986-10-12T00:00:00Z,2000-04-04T00:00:00Z,IDEPT4938,Female
IU745611,1985-04-22T00:00:00Z,2010-04-25T00:00:00Z,IDEPT3062,Female
IU808348,1969-12-14T00:00:00Z,2001-02-23T00:00:00Z,IDEPT3062,Male
IU216145,1993-10-13T00:00:00Z,2006-04-29T00:00:00Z,IDEPT1378,Female
IU244735,1991-09-05T00:00:00Z,2010-12-30T00:00:00Z,IDEPT5881,Male
IU328947,1985-02-07T00:00:00Z,2002-12-07T00:00:00Z,IDEPT7005,Male
IU756505,1983-02-21T00:00:00Z,2009-07-25T00:00:00Z,IDEPT4132,Female
IU933212,1982-03-08T00:00:00Z,2001-09-01T00:00:00Z,IDEPT7005,Female
IU849945,1972-06-07T00:00:00Z,2008-01-29T00:00:00Z,IDEPT5109,Male
IU843284,1981-03-19T00:00:00Z,2013-07-08T00:00:00Z,IDEPT1423,Female
IU161728,1973-11-23T00:00:00Z,2011-11-06T00:00:00Z,IDEPT3062,Female
IU222518,1987-05-10T00:00:00Z,2002-08-25T00:00:00Z,IDEPT1378,Female
IU328218,1976-01-11T00:00:00Z,2005-01-13T00:00:00Z,IDEPT1423,Male
IU363158,1970-08-01T00:00:00Z,2014-02-14T00:00:00Z,IDEPT5127,Female
IU766289,1979-03-19T00:00:00Z,2000-04-02T00:00:00Z,IDEPT8313,Female
IU724113,1971-03-09T00:00:00Z,2004-12-22T00:00:00Z,IDEPT8313,Male
IU777548,1987-12-31T00:00:00Z,2009-10-20T00:00:00Z,IDEPT4055,Male
IU716739,1979-05-30T00:00:00Z,2007-05-15T00:00:00Z,IDEPT8598,Female
IU346406,1990-03-02T00:00:00Z,2008-09-10T00:00:00Z,IDEPT1367,Male
IU123688,1981-11-19T00:00:00Z,2010-09-30T00:00:00Z,IDEPT4670,Male
IU147959,1977-02-23T00:00:00Z,2003-05-12T00:00:00Z,IDEPT4938,Female
IU355955,1976-01-16T00:00:00Z,2008-01-27T00:00:00Z,IDEPT8313,Female
IU370004,1978-08-01T00:00:00Z,2014-03-28T00:00:00Z,IDEPT7005,Male
IU469282,1983-02-15T00:00:00Z,2008-05-02T00:00:00Z,IDEPT1388,Male
IU239081,1991-12-02T00:00:00Z,2002-11-12T00:00:00Z,IDEPT1537,Female
IU819618,1974-12-22T00:00:00Z,2003-12-17T00:00:00Z,IDEPT8379,Male
IU701692,1988-09-12T00:00:00Z,2010-03-26T00:00:00Z,IDEPT3062,Female
IU127170,1990-10-23T00:00:00Z,2008-07-13T00:00:00Z,IDEPT7783,Female
IU637845,1973-11-11T00:00:00Z,2001-02-16T00:00:00Z,IDEPT3115,Female
IU847613,1975-10-17T00:00:00Z,2007-02-09T00:00:00Z,IDEPT3062,Male
IU325646,1985-12-16T00:00:00Z,2012-06-13T00:00:00Z,IDEPT3115,Male
IU127182,1982-10-11T00:00:00Z,2009-03-17T00:00:00Z,IDEPT4938,Female
IU921974,1980-04-22T00:00:00Z,2006-04-20T00:00:00Z,IDEPT1677,Female
IU719669,1971-03-15T00:00:00Z,2007-09-08T00:00:00Z,IDEPT1615,Male
IU843807,1977-10-20T00:00:00Z,2002-09-21T00:00:00Z,IDEPT8379,Male
IU922538,1990-11-05T00:00:00Z,2010-08-29T00:00:00Z,IDEPT7783,Female
IU834872,1984-12-18T00:00:00Z,2001-06-29T00:00:00Z,IDEPT5528,Male
IU659166,1992-08-18T00:00:00Z,2007-04-27T00:00:00Z,IDEPT1615,Male
IU650599,1973-10-10T00:00:00Z,2004-07-03T00:00:00Z,IDEPT5528,Female
IU477466,1979-01-29T00:00:00Z,2013-07-07T00:00:00Z,IDEPT3115,Female
IU806804,1973-12-26T00:00:00Z,2004-06-27T00:00:00Z,IDEPT4670,Male
IU238243,1982-05-26T00:00:00Z,2009-07-18T00:00:00Z,IDEPT4670,Female
IU656557,1973-09-29T00:00:00Z,2007-02-08T00:00:00Z,IDEPT7783,Female
IU559726,1981-08-01T00:00:00Z,2012-12-16T00:00:00Z,IDEPT1537,Male
IU749926,1979-02-17T00:00:00Z,2012-01-14T00:00:00Z,IDEPT2054,Female
IU505256,1974-07-12T00:00:00Z,2011-03-14T00:00:00Z,IDEPT1533,Male
IU739904,1985-09-03T00:00:00Z,2000-11-02T00:00:00Z,IDEPT3778,Female
IU932895,1979-01-04T00:00:00Z,2002-01-22T00:00:00Z,IDEPT5127,Male
IU407811,1976-10-16T00:00:00Z,2014-03-08T00:00:00Z,IDEPT1388,Female
IU302696,1979-12-10T00:00:00Z,2005-08-22T00:00:00Z,IDEPT6347,Female
IU143571,1978-02-24T00:00:00Z,2002-04-06T00:00:00Z,IDEPT5109,Male
IU740565,1980-01-28T00:00:00Z,2003-08-15T00:00:00Z,IDEPT5881,Male
IU801417,1992-09-20T00:00:00Z,2001-08-08T00:00:00Z,IDEPT7005,Female
IU541306,1982-10-24T00:00:00Z,2006-03-21T00:00:00Z,IDEPT7626,Female
IU824288,1971-05-16T00:00:00Z,2005-10-31T00:00:00Z,IDEPT1677,Male
IU702525,1971-04-26T00:00:00Z,2007-10-15T00:00:00Z,IDEPT1378,Female
IU703636,1993-11-05T00:00:00Z,2012-05-01T00:00:00Z,IDEPT3868,Male
IU337472,1982-07-21T00:00:00Z,2013-11-12T00:00:00Z,IDEPT3868,Male
IU799516,1970-02-15T00:00:00Z,2011-07-06T00:00:00Z,IDEPT4132,Female
IU207253,1977-01-04T00:00:00Z,2000-08-26T00:00:00Z,IDEPT8598,Female
IU870184,1978-04-13T00:00:00Z,2011-03-01T00:00:00Z,IDEPT3062,Male
IU130291,1993-11-15T00:00:00Z,2012-09-18T00:00:00Z,IDEPT2601,Male
IU260748,1980-06-05T00:00:00Z,2011-05-14T00:00:00Z,IDEPT2601,Female
IU708882,1980-11-09T00:00:00Z,2010-07-27T00:00:00Z,IDEPT3115,Male
IU542930,1990-09-16T00:00:00Z,2011-03-26T00:00:00Z,IDEPT1423,Male
IU703243,1992-12-25T00:00:00Z,2001-01-06T00:00:00Z,IDEPT1388,Male
IU606698,1983-08-07T00:00:00Z,2008-10-21T00:00:00Z,IDEPT2425,Male
IU239841,1971-01-15T00:00:00Z,2008-01-07T00:00:00Z,IDEPT8598,Male
IU306943,1987-01-04T00:00:00Z,2011-12-17T00:00:00Z,IDEPT5109,Female
IU687116,1988-01-22T00:00:00Z,2001-02-19T00:00:00Z,IDEPT5881,Male
IU527521,1993-11-13T00:00:00Z,2006-03-09T00:00:00Z,IDEPT8313,Male
IU779542,1969-10-14T00:00:00Z,1999-08-20T00:00:00Z,IDEPT4938,Male
IU539247,1994-04-26T00:00:00Z,2006-06-23T00:00:00Z,IDEPT8379,Male
IU437570,1984-06-27T00:00:00Z,2003-06-11T00:00:00Z,IDEPT7626,Female
IU750441,1976-07-23T00:00:00Z,2007-07-30T00:00:00Z,IDEPT7626,Male
IU647159,1990-11-23T00:00:00Z,2002-11-18T00:00:00Z,IDEPT4132,Female
IU757212,1978-05-06T00:00:00Z,2008-04-11T00:00:00Z,IDEPT8598,Female
IU653513,1989-02-14T00:00:00Z,2005-09-23T00:00:00Z,IDEPT1367,Female
IU572652,1972-08-27T00:00:00Z,2008-09-03T00:00:00Z,IDEPT8598,Female
IU454140,1973-06-30T00:00:00Z,2001-11-24T00:00:00Z,IDEPT4670,Male
IU308087,1981-06-29T00:00:00Z,2014-03-21T00:00:00Z,IDEPT5881,Female
IU657759,1990-03-01T00:00:00Z,2013-08-08T00:00:00Z,IDEPT2357,Male
IU938965,1974-06-02T00:00:00Z,2004-03-24T00:00:00Z,IDEPT5528,Male
IU329659,1978-09-23T00:00:00Z,2004-04-05T00:00:00Z,IDEPT4055,Male
IU344368,1985-11-01T00:00:00Z,2011-09-15T00:00:00Z,IDEPT3115,Female
IU864819,1969-10-23T00:00:00Z,2012-11-25T00:00:00Z,IDEPT5408,Female
IU360490,1989-08-31T00:00:00Z,2000-07-02T00:00:00Z,IDEPT2425,Male
IU605773,1994-02-06T00:00:00Z,2012-03-01T00:00:00Z,IDEPT1142,Male
IU599911,1972-07-20T00:00:00Z,2008-03-01T00:00:00Z,IDEPT2357,Female
IU720734,1969-09-07T00:00:00Z,2001-10-29T00:00:00Z,IDEPT4055,Male
IU274936,1976-02-27T00:00:00Z,2002-04-08T00:00:00Z,IDEPT3115,Female
IU552022,1984-09-29T00:00:00Z,2001-07-24T00:00:00Z,IDEPT5881,Male
IU474647,1970-07-28T00:00:00Z,2010-07-15T00:00:00Z,IDEPT2357,Male
IU321200,1982-11-25T00:00:00Z,2012-12-16T00:00:00Z,IDEPT1533,Male
IU209716,1982-04-07T00:00:00Z,2004-09-08T00:00:00Z,IDEPT1423,Female
IU205005,1972-10-17T00:00:00Z,2004-08-23T00:00:00Z,IDEPT8313,Female
IU507952,1993-12-13T00:00:00Z,1999-08-28T00:00:00Z,IDEPT2054,Male
IU222618,1977-10-29T00:00:00Z,2013-07-13T00:00:00Z,IDEPT3115,Female
IU480985,1975-02-28T00:00:00Z,2010-07-29T00:00:00Z,IDEPT1825,Male
IU896446,1980-11-14T00:00:00Z,2010-03-11T00:00:00Z,IDEPT7783,Male
IU751204,1992-09-30T00:00:00Z,2014-02-10T00:00:00Z,IDEPT1615,Male
IU953296,1969-11-16T00:00:00Z,2012-08-10T00:00:00Z,IDEPT2357,Female
IU366150,1970-12-14T00:00:00Z,1999-09-28T00:00:00Z,IDEPT1378,Female
IU906960,1975-03-25T00:00:00Z,2009-10-28T00:00:00Z,IDEPT3062,Female
IU320638,1987-03-02T00:00:00Z,2004-01-25T00:00:00Z,IDEPT1378,Female
IU438036,1991-04-08T00:00:00Z,2011-10-14T00:00:00Z,IDEPT2357,Female
IU821055,1976-04-11T00:00:00Z,2002-08-18T00:00:00Z,IDEPT5408,Male
IU700570,1978-03-19T00:00:00Z,2001-06-02T00:00:00Z,IDEPT1367,Male
IU401807,1982-12-10T00:00:00Z,2013-08-12T00:00:00Z,IDEPT4670,Male
IU655888,1976-01-09T00:00:00Z,2002-05-22T00:00:00Z,IDEPT5881,Female
IU622700,1987-06-17T00:00:00Z,2003-02-10T00:00:00Z,IDEPT1825,Female
IU244911,1970-01-21T00:00:00Z,2003-07-31T00:00:00Z,IDEPT5881,Male
IU585698,1986-09-29T00:00:00Z,2010-02-13T00:00:00Z,IDEPT5109,Female
IU304862,1981-11-29T00:00:00Z,2012-12-31T00:00:00Z,IDEPT1537,Male
IU227298,1988-09-25T00:00:00Z,2013-12-05T00:00:00Z,IDEPT1388,Male
IU162287,1971-11-28T00:00:00Z,2013-03-27T00:00:00Z,IDEPT5881,Female
IU677671,1991-08-09T00:00:00Z,2012-06-15T00:00:00Z,IDEPT3868,Male
IU660707,1981-08-07T00:00:00Z,2002-05-28T00:00:00Z,IDEPT8379,Female
IU258650,1969-09-05T00:00:00Z,2007-09-29T00:00:00Z,IDEPT2054,Female
IU809461,1984-05-13T00:00:00Z,2003-10-24T00:00:00Z,IDEPT6347,Female
IU861866,1978-10-20T00:00:00Z,2004-08-09T00:00:00Z,IDEPT6347,Male
IU156957,1991-07-17T00:00:00Z,2007-11-15T00:00:00Z,IDEPT4132,Male
IU617610,1973-11-07T00:00:00Z,2001-03-14T00:00:00Z,IDEPT1825,Female
IU512234,1981-04-08T00:00:00Z,2005-02-05T00:00:00Z,IDEPT3868,Female
IU535717,1987-04-25T00:00:00Z,2009-05-16T00:00:00Z,IDEPT5408,Male
IU397061,1970-08-26T00:00:00Z,2007-10-23T00:00:00Z,IDEPT2357,Female
IU563147,1970-08-11T00:00:00Z,2003-04-05T00:00:00Z,IDEPT5109,Female
IU808795,1979-04-13T00:00:00Z,2013-12-08T00:00:00Z,IDEPT5528,Male
IU630673,1981-07-20T00:00:00Z,2004-04-09T00:00:00Z,IDEPT5109,Male
IU320251,1989-12-05T00:00:00Z,2001-08-19T00:00:00Z,IDEPT7626,Female
IU262292,1975-05-08T00:00:00Z,1999-10-11T00:00:00Z,IDEPT2357,Female
IU339694,1991-09-28T00:00:00Z,2005-03-01T00:00:00Z,IDEPT1677,Female
IU533955,1970-08-16T00:00:00Z,2001-07-29T00:00:00Z,IDEPT7783,Female
IU516918,1980-05-17T00:00:00Z,2007-01-13T00:00:00Z,IDEPT5109,Male
IU337123,1971-12-02T00:00:00Z,2009-10-25T00:00:00Z,IDEPT2425,Female
IU528605,1977-05-21T00:00:00Z,2003-03-25T00:00:00Z,IDEPT2054,Female
IU980189,1988-05-11T00:00:00Z,2001-10-28T00:00:00Z,IDEPT4055,Female
IU518359,1986-08-19T00:00:00Z,2010-05-24T00:00:00Z,IDEPT1537,Male
IU872566,1977-03-15T00:00:00Z,2004-05-14T00:00:00Z,IDEPT1677,Male
IU163495,1972-04-08T00:00:00Z,2006-04-01T00:00:00Z,IDEPT4132,Female
IU471619,1971-03-22T00:00:00Z,2000-12-14T00:00:00Z,IDEPT1388,Female
IU627593,1976-11-15T00:00:00Z,2014-07-01T00:00:00Z,IDEPT1677,Female
IU832906,1991-08-14T00:00:00Z,2002-07-22T00:00:00Z,IDEPT2601,Female
IU814496,1986-09-24T00:00:00Z,2003-07-04T00:00:00Z,IDEPT5127,Male
IU977874,1992-01-14T00:00:00Z,2003-05-30T00:00:00Z,IDEPT8379,Female
IU726374,1985-06-16T00:00:00Z,2012-03-14T00:00:00Z,IDEPT5127,Female
IU265303,1983-06-21T00:00:00Z,2006-03-18T00:00:00Z,IDEPT3778,Male
IU223337,1980-04-25T00:00:00Z,2005-04-18T00:00:00Z,IDEPT4938,Male
IU520521,1984-09-06T00:00:00Z,2009-03-16T00:00:00Z,IDEPT1378,Female
IU528239,1991-07-13T00:00:00Z,2012-02-11T00:00:00Z,IDEPT5408,Male
IU289913,1978-10-11T00:00:00Z,2007-03-13T00:00:00Z,IDEPT4132,Male
IU991192,1993-05-08T00:00:00Z,2010-12-23T00:00:00Z,IDEPT2601,Female
IU530916,1994-01-21T00:00:00Z,2004-03-21T00:00:00Z,IDEPT1423,Male
IU330488,1982-06-05T00:00:00Z,2011-09-03T00:00:00Z,IDEPT4055,Female
IU965862,1983-04-21T00:00:00Z,2006-07-07T00:00:00Z,IDEPT1615,Female
IU675172,1985-06-18T00:00:00Z,2003-09-21T00:00:00Z,IDEPT7005,Male
IU528851,1990-10-05T00:00:00Z,2000-12-09T00:00:00Z,IDEPT7005,Female
IU973666,1976-01-17T00:00:00Z,2005-11-09T00:00:00Z,IDEPT1533,Male
IU592455,1985-08-14T00:00:00Z,2007-03-29T00:00:00Z,IDEPT1825,Female
IU764193,1988-06-08T00:00:00Z,2001-12-21T00:00:00Z,IDEPT8598,Female
IU740074,1987-10-29T00:00:00Z,2013-11-09T00:00:00Z,IDEPT1677,Male
IU862023,1973-05-12T00:00:00Z,2008-02-10T00:00:00Z,IDEPT5408,Female
IU877564,1975-06-24T00:00:00Z,2013-09-19T00:00:00Z,IDEPT2054,Male
IU329440,1970-09-24T00:00:00Z,2000-03-10T00:00:00Z,IDEPT5528,Female
IU971589,1984-01-27T00:00:00Z,2009-12-20T00:00:00Z,IDEPT1825,Male
IU927296,1987-07-30T00:00:00Z,2012-11-21T00:00:00Z,IDEPT5408,Female
IU832084,1986-05-05T00:00:00Z,1999-08-21T00:00:00Z,IDEPT4670,Male
IU810218,1970-11-25T00:00:00Z,2002-12-20T00:00:00Z,IDEPT3062,Female
IU120978,1992-09-21T00:00:00Z,2006-10-17T00:00:00Z,IDEPT2054,Female
IU167665,1976-11-11T00:00:00Z,2006-09-07T00:00:00Z,IDEPT1677,Female
IU672768,1976-12-01T00:00:00Z,2001-06-07T00:00:00Z,IDEPT5408,Female
IU991869,1990-11-22T00:00:00Z,2006-06-29T00:00:00Z,IDEPT3115,Male
IU397520,1986-04-01T00:00:00Z,2004-10-14T00:00:00Z,IDEPT5127,Male
IU996380,1987-05-30T00:00:00Z,2010-07-29T00:00:00Z,IDEPT8313,Female
IU498691,1991-03-16T00:00:00Z,2000-04-16T00:00:00Z,IDEPT4055,Male
IU433572,1973-02-23T00:00:00Z,2008-04-26T00:00:00Z,IDEPT1677,Female
IU805446,1976-10-01T00:00:00Z,2004-11-26T00:00:00Z,IDEPT5528,Male
IU893923,1981-04-28T00:00:00Z,2014-02-12T00:00:00Z,IDEPT1533,Female
IU170453,1991-01-26T00:00:00Z,2012-03-09T00:00:00Z,IDEPT3868,Female
IU280558,1992-08-27T00:00:00Z,2010-03-23T00:00:00Z,IDEPT3868,Male
IU152086,1980-04-13T00:00:00Z,2003-03-24T00:00:00Z,IDEPT8598,Male
IU767531,1980-02-01T00:00:00Z,2008-10-01T00:00:00Z,IDEPT1533,Female
IU714639,1974-01-15T00:00:00Z,2007-09-20T00:00:00Z,IDEPT1825,Female
IU803409,1987-12-14T00:00:00Z,2004-04-19T00:00:00Z,IDEPT1423,Female
IU116135,1993-01-10T00:00:00Z,2002-02-19T00:00:00Z,IDEPT4055,Female
IU401466,1975-10-05T00:00:00Z,2006-02-03T00:00:00Z,IDEPT2425,Female
IU651719,1983-11-03T00:00:00Z,2002-04-21T00:00:00Z,IDEPT1537,Male
IU322269,1980-10-25T00:00:00Z,2003-08-19T00:00:00Z,IDEPT4938,Female
IU788355,1990-04-09T00:00:00Z,2013-04-03T00:00:00Z,IDEPT1537,Female
IU745851,1976-01-18T00:00:00Z,2010-10-21T00:00:00Z,IDEPT3868,Female
IU405429,1979-04-16T00:00:00Z,2001-04-18T00:00:00Z,IDEPT1388,Female
IU416137,1990-01-03T00:00:00Z,2004-05-24T00:00:00Z,IDEPT7783,Female
IU672206,1994-01-20T00:00:00Z,2002-05-31T00:00:00Z,IDEPT1537,Male
IU809489,1982-01-08T00:00:00Z,2007-08-01T00:00:00Z,IDEPT1142,Male
IU748262,1992-06-28T00:00:00Z,2010-07-24T00:00:00Z,IDEPT4132,Male
IU173043,1977-07-16T00:00:00Z,2013-11-05T00:00:00Z,IDEPT2601,Male
IU530057,1970-05-06T00:00:00Z,2002-01-13T00:00:00Z,IDEPT4670,Female
IU834469,1976-09-22T00:00:00Z,2008-07-11T00:00:00Z,IDEPT1825,Male
IU890155,1990-12-19T00:00:00Z,2002-11-16T00:00:00Z,IDEPT8313,Male
IU476431,1975-11-06T00:00:00Z,2008-12-23T00:00:00Z,IDEPT4670,Male
IU329506,1974-04-24T00:00:00Z,2004-05-18T00:00:00Z,IDEPT7783,Male
IU593762,1992-06-08T00:00:00Z,2003-03-19T00:00:00Z,IDEPT4132,Female
IU662779,1992-06-10T00:00:00Z,2000-09-23T00:00:00Z,IDEPT3115,Female
IU574759,1984-10-09T00:00:00Z,2004-11-16T00:00:00Z,IDEPT2601,Male
IU730631,1981-10-27T00:00:00Z,2000-11-16T00:00:00Z,IDEPT1378,Male
IU437482,1978-09-06T00:00:00Z,2013-03-08T00:00:00Z,IDEPT2054,Female
IU239453,1992-07-09T00:00:00Z,2000-07-01T00:00:00Z,IDEPT1423,Female
IU615357,1990-03-10T00:00:00Z,2009-12-28T00:00:00Z,IDEPT3778,Female
IU122113,1978-11-14T00:00:00Z,2014-05-17T00:00:00Z,IDEPT3062,Male
IU374659,1974-08-27T00:00:00Z,2001-06-05T00:00:00Z,IDEPT1537,Female
IU918128,1990-10-04T00:00:00Z,2010-01-29T00:00:00Z,IDEPT7783,Female
IU985522,1989-08-25T00:00:00Z,2012-05-19T00:00:00Z,IDEPT5408,Male
IU123206,1976-03-08T00:00:00Z,2011-08-05T00:00:00Z,IDEPT2357,Female
IU681151,1972-05-18T00:00:00Z,2003-03-22T00:00:00Z,IDEPT1533,Female
IU984266,1987-09-23T00:00:00Z,2002-12-12T00:00:00Z,IDEPT4670,Female
IU241505,1972-08-10T00:00:00Z,2003-10-01T00:00:00Z,IDEPT2054,Male
IU821602,1993-08-24T00:00:00Z,2009-10-11T00:00:00Z,IDEPT3062,Female
IU420409,1978-01-05T00:00:00Z,2012-09-11T00:00:00Z,IDEPT1142,Female
IU177348,1984-12-20T00:00:00Z,2013-09-25T00:00:00Z,IDEPT5127,Female
IU232814,1977-07-09T00:00:00Z,2013-08-13T00:00:00Z,IDEPT7783,Male
IU271787,1991-07-15T00:00:00Z,2010-02-18T00:00:00Z,IDEPT8598,Male
IU887400,1979-12-10T00:00:00Z,2010-10-04T00:00:00Z,IDEPT2357,Female
IU151161,1973-12-30T00:00:00Z,2008-07-10T00:00:00Z,IDEPT1388,Female
IU400616,1992-05-03T00:00:00Z,1999-10-05T00:00:00Z,IDEPT1367,Female
IU448523,1987-02-24T00:00:00Z,2005-10-16T00:00:00Z,IDEPT1615,Female
IU201629,1983-06-09T00:00:00Z,2001-07-06T00:00:00Z,IDEPT8379,Male
IU984907,1978-04-09T00:00:00Z,2000-04-17T00:00:00Z,IDEPT7005,Female
IU624254,1977-05-01T00:00:00Z,2001-07-15T00:00:00Z,IDEPT1142,Female
IU707322,1982-06-29T00:00:00Z,2007-10-02T00:00:00Z,IDEPT3062,Female
IU660412,1984-02-10T00:00:00Z,2000-02-03T00:00:00Z,IDEPT3062,Male
IU794124,1970-08-28T00:00:00Z,2007-02-11T00:00:00Z,IDEPT4132,Female
IU253971,1979-05-06T00:00:00Z,2004-01-11T00:00:00Z,IDEPT3778,Female
IU200572,1973-01-16T00:00:00Z,2000-03-24T00:00:00Z,IDEPT6347,Male
IU150435,1975-05-14T00:00:00Z,2003-06-26T00:00:00Z,IDEPT8598,Female
IU891757,1979-01-29T00:00:00Z,2003-04-08T00:00:00Z,IDEPT2054,Female
IU961133,1990-08-27T00:00:00Z,1999-09-28T00:00:00Z,IDEPT1537,Female
IU762876,1969-10-24T00:00:00Z,2003-01-10T00:00:00Z,IDEPT1388,Male
IU603954,1970-07-30T00:00:00Z,2013-02-18T00:00:00Z,IDEPT1378,Male
IU713337,1969-11-28T00:00:00Z,2011-05-04T00:00:00Z,IDEPT4670,Male
IU953204,1983-12-07T00:00:00Z,2003-07-14T00:00:00Z,IDEPT4055,Male
IU521061,1985-06-14T00:00:00Z,2012-12-25T00:00:00Z,IDEPT8313,Female
IU627771,1972-01-09T00:00:00Z,2003-08-12T00:00:00Z,IDEPT2054,Male
IU341894,1980-02-17T00:00:00Z,2002-08-20T00:00:00Z,IDEPT1677,Female
IU586896,1970-10-23T00:00:00Z,2012-03-24T00:00:00Z,IDEPT1423,Male
IU776330,1977-01-14T00:00:00Z,2002-05-16T00:00:00Z,IDEPT7005,Male
IU890815,1977-10-02T00:00:00Z,2003-09-06T00:00:00Z,IDEPT1367,Male
IU671826,1983-06-05T00:00:00Z,2014-03-05T00:00:00Z,IDEPT6347,Female
IU791752,1970-11-29T00:00:00Z,2011-06-06T00:00:00Z,IDEPT6347,Female
IU170358,1979-06-25T00:00:00Z,2006-04-27T00:00:00Z,IDEPT5127,Male
IU654067,1992-08-12T00:00:00Z,2002-11-22T00:00:00Z,IDEPT2425,Female
IU650118,1985-07-21T00:00:00Z,2004-12-30T00:00:00Z,IDEPT1388,Male
IU843036,1993-03-10T00:00:00Z,2012-06-07T00:00:00Z,IDEPT5408,Male
IU929942,1993-02-13T00:00:00Z,2008-02-18T00:00:00Z,IDEPT2357,Male
IU517401,1975-12-24T00:00:00Z,2010-06-01T00:00:00Z,IDEPT1423,Female
IU285869,1982-04-24T00:00:00Z,2007-09-23T00:00:00Z,IDEPT5528,Male
IU619858,1991-02-10T00:00:00Z,2005-01-26T00:00:00Z,IDEPT1378,Male
IU304401,1985-09-18T00:00:00Z,2004-06-20T00:00:00Z,IDEPT1825,Male
IU116424,1975-11-05T00:00:00Z,2005-04-22T00:00:00Z,IDEPT1423,Male
IU602103,1987-08-29T00:00:00Z,2000-10-21T00:00:00Z,IDEPT2054,Female
IU317964,1975-10-08T00:00:00Z,2005-03-24T00:00:00Z,IDEPT7005,Female
IU543375,1979-01-28T00:00:00Z,2011-10-17T00:00:00Z,IDEPT8313,Male
IU555661,1982-11-02T00:00:00Z,2006-06-11T00:00:00Z,IDEPT2425,Male
IU713736,1985-08-06T00:00:00Z,2010-10-06T00:00:00Z,IDEPT8313,Female
IU673007,1973-08-14T00:00:00Z,2001-09-10T00:00:00Z,IDEPT8313,Male
IU379853,1989-08-23T00:00:00Z,2012-11-11T00:00:00Z,IDEPT5408,Female
IU444477,1969-10-25T00:00:00Z,2007-09-27T00:00:00Z,IDEPT7005,Female
IU935219,1990-08-26T00:00:00Z,2002-12-28T00:00:00Z,IDEPT7626,Male
IU964095,1984-12-22T00:00:00Z,2012-11-19T00:00:00Z,IDEPT3115,Male
IU472107,1982-05-11T00:00:00Z,2003-01-12T00:00:00Z,IDEPT3062,Male
IU399885,1986-12-22T00:00:00Z,2000-08-24T00:00:00Z,IDEPT1825,Female
IU873858,1986-06-11T00:00:00Z,2000-06-21T00:00:00Z,IDEPT3778,Male
IU578559,1992-10-22T00:00:00Z,2002-01-22T00:00:00Z,IDEPT1423,Male
IU476264,1993-04-29T00:00:00Z,2006-12-21T00:00:00Z,IDEPT4132,Male
IU906317,1985-05-01T00:00:00Z,2009-11-07T00:00:00Z,IDEPT5408,Female
IU206494,1977-06-21T00:00:00Z,2008-03-01T00:00:00Z,IDEPT1677,Male
IU613957,1970-09-03T00:00:00Z,2010-07-04T00:00:00Z,IDEPT1378,Male
IU303373,1978-09-12T00:00:00Z,2003-05-12T00:00:00Z,IDEPT1825,Male
IU910844,1983-03-16T00:00:00Z,2008-11-29T00:00:00Z,IDEPT1367,Female
IU733295,1986-09-02T00:00:00Z,2007-10-04T00:00:00Z,IDEPT1423,Female
IU359720,1989-08-02T00:00:00Z,2004-02-13T00:00:00Z,IDEPT7626,Female
IU507081,1978-09-29T00:00:00Z,2000-10-11T00:00:00Z,IDEPT8379,Male
IU250094,1987-08-24T00:00:00Z,2006-03-08T00:00:00Z,IDEPT5408,Female
IU929775,1994-06-22T00:00:00Z,2009-09-02T00:00:00Z,IDEPT4670,Male
IU617264,1974-06-09T00:00:00Z,2007-04-09T00:00:00Z,IDEPT8598,Male
IU200457,1983-05-01T00:00:00Z,1999-07-30T00:00:00Z,IDEPT5127,Male
IU980084,1976-07-04T00:00:00Z,2012-01-22T00:00:00Z,IDEPT7783,Female
IU352515,1990-12-02T00:00:00Z,2002-11-23T00:00:00Z,IDEPT6347,Female
IU623351,1981-02-24T00:00:00Z,2000-07-26T00:00:00Z,IDEPT7005,Female
IU194684,1989-10-28T00:00:00Z,2007-07-09T00:00:00Z,IDEPT5127,Male
IU998793,1969-10-17T00:00:00Z,2000-03-14T00:00:00Z,IDEPT2425,Male
IU371068,1979-09-09T00:00:00Z,2007-01-31T00:00:00Z,IDEPT1378,Male
IU552382,1975-08-09T00:00:00Z,2010-11-02T00:00:00Z,IDEPT7005,Female
IU143787,1969-08-30T00:00:00Z,2007-01-30T00:00:00Z,IDEPT3868,Female
IU909818,1971-01-14T00:00:00Z,2005-05-09T00:00:00Z,IDEPT3062,Female
IU287527,1984-05-18T00:00:00Z,2002-02-05T00:00:00Z,IDEPT7626,Male
IU613561,1977-08-23T00:00:00Z,2010-11-17T00:00:00Z,IDEPT3868,Male
IU758488,1993-04-21T00:00:00Z,2001-05-18T00:00:00Z,IDEPT8379,Male
IU585322,1990-08-12T00:00:00Z,1999-08-25T00:00:00Z,IDEPT2054,Female
IU242030,1970-06-08T00:00:00Z,2010-05-20T00:00:00Z,IDEPT8313,Male
IU730124,1978-01-04T00:00:00Z,2011-10-26T00:00:00Z,IDEPT2357,Female
IU862686,1980-07-28T00:00:00Z,2006-09-23T00:00:00Z,IDEPT8598,Male
IU931024,1984-01-10T00:00:00Z,2012-10-26T00:00:00Z,IDEPT1388,Male
IU683803,1971-11-26T00:00:00Z,2011-03-12T00:00:00Z,IDEPT1677,Male
IU616328,1973-03-17T00:00:00Z,2010-03-28T00:00:00Z,IDEPT1378,Male
IU510723,1980-09-09T00:00:00Z,2001-05-06T00:00:00Z,IDEPT8313,Female
IU553615,1977-11-21T00:00:00Z,2014-05-22T00:00:00Z,IDEPT3778,Female
IU114836,1985-03-24T00:00:00Z,2007-09-23T00:00:00Z,IDEPT2601,Male
IU867116,1978-09-21T00:00:00Z,2000-02-27T00:00:00Z,IDEPT2054,Male
IU935818,1980-11-29T00:00:00Z,2009-12-21T00:00:00Z,IDEPT2601,Female
IU317917,1973-02-12T00:00:00Z,2006-04-26T00:00:00Z,IDEPT4132,Male
IU556938,1982-10-26T00:00:00Z,2003-10-06T00:00:00Z,IDEPT5109,Male
IU744313,1986-10-12T00:00:00Z,2009-06-24T00:00:00Z,IDEPT7626,Female
IU849114,1993-04-17T00:00:00Z,2010-11-01T00:00:00Z,IDEPT3062,Female
IU625000,1987-11-29T00:00:00Z,2009-12-17T00:00:00Z,IDEPT1367,Female
IU919255,1986-04-02T00:00:00Z,2010-10-22T00:00:00Z,IDEPT4055,Female
IU486083,1981-10-11T00:00:00Z,2001-03-16T00:00:00Z,IDEPT4055,Male
IU219101,1992-03-16T00:00:00Z,2005-06-19T00:00:00Z,IDEPT1825,Male
IU697995,1979-09-27T00:00:00Z,1999-12-12T00:00:00Z,IDEPT1537,Male
IU826801,1982-10-27T00:00:00Z,2010-08-24T00:00:00Z,IDEPT5528,Male
IU234435,1976-04-22T00:00:00Z,2013-03-09T00:00:00Z,IDEPT1537,Female
IU413103,1983-07-30T00:00:00Z,2012-06-26T00:00:00Z,IDEPT1825,Female
IU168378,1990-10-28T00:00:00Z,2007-03-14T00:00:00Z,IDEPT3062,Male
IU808018,1987-12-25T00:00:00Z,2003-07-19T00:00:00Z,IDEPT7783,Female
IU377229,1984-09-10T00:00:00Z,2010-05-08T00:00:00Z,IDEPT1537,Male
IU570965,1975-10-07T00:00:00Z,2004-02-10T00:00:00Z,IDEPT1423,Female
IU875236,1977-03-04T00:00:00Z,2010-02-21T00:00:00Z,IDEPT3115,Male
IU823846,1985-06-16T00:00:00Z,2011-04-06T00:00:00Z,IDEPT7005,Male
IU369141,1989-11-15T00:00:00Z,2014-04-26T00:00:00Z,IDEPT4670,Female
IU336214,1991-06-05T00:00:00Z,2005-01-04T00:00:00Z,IDEPT4670,Male
IU752472,1977-04-20T00:00:00Z,2011-01-04T00:00:00Z,IDEPT5881,Female
IU964058,1984-02-20T00:00:00Z,2006-02-02T00:00:00Z,IDEPT1677,Female
IU653069,1983-09-04T00:00:00Z,2001-01-13T00:00:00Z,IDEPT2425,Female
IU274479,1979-03-21T00:00:00Z,2013-08-26T00:00:00Z,IDEPT1423,Male
IU359728,1980-06-28T00:00:00Z,2003-01-27T00:00:00Z,IDEPT4938,Female
IU470744,1977-11-01T00:00:00Z,2012-03-25T00:00:00Z,IDEPT1142,Female
IU612475,1989-02-22T00:00:00Z,2013-10-25T00:00:00Z,IDEPT4132,Female
IU590434,1988-03-07T00:00:00Z,2003-10-18T00:00:00Z,IDEPT2054,Male
IU907621,1983-09-10T00:00:00Z,2002-04-30T00:00:00Z,IDEPT2357,Male
IU816094,1983-12-01T00:00:00Z,2004-01-03T00:00:00Z,IDEPT3062,Male
IU301584,1988-02-18T00:00:00Z,2003-11-01T00:00:00Z,IDEPT7626,Female
IU400785,1978-07-17T00:00:00Z,2000-05-11T00:00:00Z,IDEPT7005,Female
IU701574,1972-02-25T00:00:00Z,2013-06-05T00:00:00Z,IDEPT8379,Male
IU348623,1971-07-21T00:00:00Z,2002-05-20T00:00:00Z,IDEPT1825,Male
IU805948,1991-09-23T00:00:00Z,2000-04-25T00:00:00Z,IDEPT1825,Male
IU436324,1994-01-17T00:00:00Z,2010-03-06T00:00:00Z,IDEPT5408,Male
IU647516,1984-11-18T00:00:00Z,2000-09-08T00:00:00Z,IDEPT1367,Female
IU543975,1971-01-18T00:00:00Z,2006-12-30T00:00:00Z,IDEPT7005,Male
IU378028,1973-07-02T00:00:00Z,2005-12-21T00:00:00Z,IDEPT4938,Male
IU824346,1979-01-16T00:00:00Z,2014-02-14T00:00:00Z,IDEPT3115,Male
IU869235,1969-10-31T00:00:00Z,2002-03-22T00:00:00Z,IDEPT5109,Female
IU566285,1985-02-21T00:00:00Z,2004-09-27T00:00:00Z,IDEPT2357,Female
IU251361,1979-04-22T00:00:00Z,2012-07-30T00:00:00Z,IDEPT8598,Female
IU790540,1974-10-24T00:00:00Z,2007-09-24T00:00:00Z,IDEPT3778,Female
IU207673,1989-05-06T00:00:00Z,2011-01-20T00:00:00Z,IDEPT5528,Female
IU877680,1982-08-18T00:00:00Z,2007-02-13T00:00:00Z,IDEPT4132,Male
IU749422,1980-11-04T00:00:00Z,2007-09-09T00:00:00Z,IDEPT1367,Female
IU245300,1983-10-17T00:00:00Z,2002-04-13T00:00:00Z,IDEPT5127,Female
IU476083,1976-05-18T00:00:00Z,2005-03-23T00:00:00Z,IDEPT7783,Female
IU866402,1972-05-19T00:00:00Z,2013-05-16T00:00:00Z,IDEPT3868,Female
IU879726,1977-04-19T00:00:00Z,2002-07-08T00:00:00Z,IDEPT1533,Male
IU572615,1986-01-04T00:00:00Z,2010-10-29T00:00:00Z,IDEPT1142,Male
IU529594,1976-02-06T00:00:00Z,2004-12-05T00:00:00Z,IDEPT4670,Male
IU602409,1975-06-02T00:00:00Z,2011-05-14T00:00:00Z,IDEPT4132,Female
IU528393,1979-01-25T00:00:00Z,2013-06-17T00:00:00Z,IDEPT1388,Female
IU915290,1987-05-28T00:00:00Z,2001-01-06T00:00:00Z,IDEPT3778,Male
IU617258,1974-08-22T00:00:00Z,2001-11-26T00:00:00Z,IDEPT1537,Female
IU440707,1993-02-27T00:00:00Z,2006-02-15T00:00:00Z,IDEPT5109,Male
IU112687,1982-06-18T00:00:00Z,2012-09-03T00:00:00Z,IDEPT5127,Male
IU479810,1992-02-12T00:00:00Z,2003-11-14T00:00:00Z,IDEPT8379,Female
IU303187,1972-10-07T00:00:00Z,1999-10-23T00:00:00Z,IDEPT2357,Male
IU242313,1976-03-08T00:00:00Z,2012-06-11T00:00:00Z,IDEPT2054,Male
IU531414,1993-09-18T00:00:00Z,2009-03-24T00:00:00Z,IDEPT4055,Female
IU227668,1985-02-20T00:00:00Z,2005-11-08T00:00:00Z,IDEPT8598,Male
IU528779,1985-06-13T00:00:00Z,1999-11-06T00:00:00Z,IDEPT3062,Female
IU874473,1984-02-06T00:00:00Z,1999-11-15T00:00:00Z,IDEPT7783,Female
IU800953,1970-09-17T00:00:00Z,2002-12-05T00:00:00Z,IDEPT1677,Female
IU611568,1998-06-28T00:00:00Z,2034-01-19T00:00:00Z,IDEPT1096,Male
IU362694,1980-09-14T00:00:00Z,2020-11-04T00:00:00Z,IDEPT1096,Male
IU157274,1968-08-06T00:00:00Z,2009-01-31T00:00:00Z,IDEPT1096,Female
IU520401,1999-05-01T00:00:00Z,2032-08-11T00:00:00Z,IDEPT1096,Female
IU485079,1992-11-21T00:00:00Z,2030-12-19T00:00:00Z,IDEPT1096,Female
IU232721,1978-09-10T00:00:00Z,1998-01-10T00:00:00Z,IDEPT1096,Female
IU386307,1984-06-16T00:00:00Z,2017-09-06T00:00:00Z,IDEPT1096,Male
IU400545,1966-05-23T00:00:00Z,1994-10-16T00:00:00Z,IDEPT1096,Female
IU626776,2000-04-10T00:00:00Z,2022-08-11T00:00:00Z,IDEPT1096,Female
IU783483,1980-09-09T00:00:00Z,2002-07-08T00:00:00Z,IDEPT1096,Female
IU370492,1966-11-18T00:00:00Z,1992-05-17T00:00:00Z,IDEPT1096,Female
IU542596,1974-01-10T00:00:00Z,1991-10-25T00:00:00Z,IDEPT1096,Male
IU211957,1993-02-02T00:00:00Z,2031-12-25T00:00:00Z,IDEPT1096,Female
